CREATE DATABASE  IF NOT EXISTS `book_review` /*!40100 DEFAULT CHARACTER SET utf8mb4 COLLATE utf8mb4_0900_ai_ci */ /*!80016 DEFAULT ENCRYPTION='N' */;
USE `book_review`;
-- MySQL dump 10.13  Distrib 8.0.41, for Win64 (x86_64)
--
-- Host: localhost    Database: book_review
-- ------------------------------------------------------
-- Server version	8.0.41

/*!40101 SET @OLD_CHARACTER_SET_CLIENT=@@CHARACTER_SET_CLIENT */;
/*!40101 SET @OLD_CHARACTER_SET_RESULTS=@@CHARACTER_SET_RESULTS */;
/*!40101 SET @OLD_COLLATION_CONNECTION=@@COLLATION_CONNECTION */;
/*!50503 SET NAMES utf8 */;
/*!40103 SET @OLD_TIME_ZONE=@@TIME_ZONE */;
/*!40103 SET TIME_ZONE='+00:00' */;
/*!40014 SET @OLD_UNIQUE_CHECKS=@@UNIQUE_CHECKS, UNIQUE_CHECKS=0 */;
/*!40014 SET @OLD_FOREIGN_KEY_CHECKS=@@FOREIGN_KEY_CHECKS, FOREIGN_KEY_CHECKS=0 */;
/*!40101 SET @OLD_SQL_MODE=@@SQL_MODE, SQL_MODE='NO_AUTO_VALUE_ON_ZERO' */;
/*!40111 SET @OLD_SQL_NOTES=@@SQL_NOTES, SQL_NOTES=0 */;

--
-- Table structure for table `authors`
--

DROP TABLE IF EXISTS `authors`;
/*!40101 SET @saved_cs_client     = @@character_set_client */;
/*!50503 SET character_set_client = utf8mb4 */;
CREATE TABLE `authors` (
  `author_id` int NOT NULL AUTO_INCREMENT,
  `author_name` varchar(70) NOT NULL,
  PRIMARY KEY (`author_id`)
) ENGINE=InnoDB AUTO_INCREMENT=184 DEFAULT CHARSET=utf8mb4 COLLATE=utf8mb4_0900_ai_ci;
/*!40101 SET character_set_client = @saved_cs_client */;

--
-- Dumping data for table `authors`
--

LOCK TABLES `authors` WRITE;
/*!40000 ALTER TABLE `authors` DISABLE KEYS */;
INSERT INTO `authors` VALUES (1,'A.J. McAllister'),(2,'Abraham Lincoln'),(3,'Adam Ginsberg'),(4,'Alan  Lee'),(5,'Amy Mandelker'),(6,'Andreas  Schwarz'),(7,'Angela Knight'),(8,'Angelo  Rinaldi'),(9,'Anthony Rizcallah Ferris'),(10,'Anthony Thorlby'),(11,'Arlene Eisenberg'),(12,'Art Spiegelman'),(13,'Aylmer Maude'),(14,'Barbara Bray'),(15,'Barry R. Cournoyer'),(16,'Beverly Cleary'),(17,'Bill Bryson'),(18,'Brian Herbert'),(19,'Brice Matthieussent'),(20,'Bryce Courtenay'),(21,'Charles Todd'),(22,'Charles Willeford'),(23,'Charley Boorman'),(24,'Chris   Smith'),(25,'Chris Malta'),(26,'Christophe Claro'),(27,'Christopher  Lee'),(28,'Christopher Cerf'),(29,'Constance Garnett'),(30,'Cynthia Harrod-Eagles'),(31,'Dale Peck'),(32,'Daniel Abraham'),(33,'Dave Lakhani'),(34,'Dave Thomas'),(35,'David Heinemeier Hansson'),(36,'David Magarshack'),(37,'David Thomson'),(38,'Debbie Raleigh'),(39,'Deidre S. Laiken'),(40,'Delia Sherman'),(41,'Don DeLillo'),(42,'Donna Ickes'),(43,'Douglas Adams'),(44,'Dr. Seuss'),(45,'E.M. Forster'),(46,'Edward Lear'),(47,'Edward Mendelson'),(48,'Edward P. Jones'),(49,'Edward Sciranko'),(50,'Eleanor Zelliot'),(51,'Eliot Ness'),(52,'Elmore Leonard'),(53,'Ewan McGregor'),(54,'Frank Herbert'),(55,'Gabriel Brownstein'),(56,'Gabriel García Márquez'),(57,'Gail Omvedt'),(58,'Garry Wills'),(59,'Gary Paulsen'),(60,'Gary Russell'),(61,'George Smoot'),(62,'Gloria Goldreich'),(63,'Harry G. Frankfurt'),(64,'Heidi Baker'),(65,'Heidi Boyd'),(66,'Heidi Fleiss'),(67,'Heidi Hayes Jacobs'),(68,'Heidi Murkoff'),(69,'Henry James'),(70,'Henry Miller'),(71,'J.K. Rowling'),(72,'J.R.R. Tolkien'),(73,'James Lee Burke'),(74,'Jean Gibran'),(75,'Jiří Níl'),(76,'Joan Didion'),(77,'Johanna Spyri'),(78,'John Banville'),(79,'John Bayley'),(80,'John C. Maxwell'),(81,'John Carratello'),(82,'John Leonard'),(83,'John McPhee'),(84,'John Walbridge'),(85,'Jude Fisher'),(86,'Judy Mays'),(87,'Julia Wilkinson'),(88,'Kahlil Gibran'),(89,'Kate Douglas'),(90,'Kate Hill'),(91,'Kate Horsley'),(92,'Keay Davidson'),(93,'Keith Vasconcelles'),(94,'Kevin Henkes'),(95,'Kevin J. Anderson'),(96,'Kevin R. Free'),(97,'Lacey Savage'),(98,'Larissa Volokhonsky'),(99,'Laura Huliska-Beith'),(100,'Lawrence Block'),(101,'Leo Tolstoy'),(102,'Leon Breedt'),(103,'Leonard Richardson'),(104,'Libby Keatinge'),(105,'Lisa Suttora'),(106,'Louis E. Catron'),(107,'Louise Maude'),(108,'Luc Sante'),(109,'Lucas Carlson'),(110,'Madeleine L\'Engle'),(111,'Marguerite Duras'),(112,'Marianne Sturman'),(113,'Mark D. Widome'),(114,'Mark Smylie'),(115,'Marsha Collier'),(116,'Marteeka Karland'),(117,'Mary Cregan'),(118,'Mary GrandPré'),(119,'Michael McCurdy'),(120,'Mike Clark'),(121,'Milo Winter'),(122,'Molly Hatchet'),(123,'Mulk Raj Anand'),(124,'N.C. Wyeth'),(125,'Narendra Jadhav'),(126,'Nick  Webb'),(127,'Nick Flynn'),(128,'Nina Helms'),(129,'Norton Juster'),(130,'Oscar Fraley'),(131,'Patricia A. McKillip'),(132,'Patricia Crick'),(133,'Patrick Süskind'),(134,'Patty Carratello'),(135,'Paul Auster'),(136,'Peter Moon'),(137,'Philippa Carr'),(138,'Preston B. Nichols'),(139,'Priscilla Meyer'),(140,'Quentin Blake'),(141,'Ralph Ginzburg'),(142,'Richard Fariña'),(143,'Richard Pevear'),(144,'Richard Seever'),(145,'Richard Taylor'),(146,'Rob Orsini'),(147,'Robert A. Heinlein'),(148,'Robert Louis Stevenson'),(149,'Robert Uhlig'),(150,'Robin Waterfield'),(151,'Rolland Baker'),(152,'Ruby Ann Boxcar'),(153,'Sahara Kelly'),(154,'Salma H. Al-Kuzbari'),(155,'Sandee Hathaway'),(156,'Satyajit Das'),(157,'Scott McKowen'),(158,'Sharon Mazel'),(159,'Shelby Morgen'),(160,'Stephen Fry'),(161,'Stephen R. Graves'),(162,'Suheil Bushrui'),(163,'Susan Nanus'),(164,'Tara MacCarthy'),(165,'Terry Jones'),(166,'Theresa Wright'),(167,'Thomas  Fuchs'),(168,'Thomas G. Addington'),(169,'Thomas H. Moore'),(170,'Thomas Pynchon'),(171,'Timothy Meis'),(172,'Tom Wolfe'),(173,'V.T. Rajshekar'),(174,'Vasant Moon'),(175,'W. Frederick Zimmerman'),(176,'Wendy Wasserstein'),(177,'Willa Okati'),(178,'William Howarth'),(179,'Y.N. Kly'),(180,'Zilpha Keatley Snyder'),(182,'Jmes Ro');
/*!40000 ALTER TABLE `authors` ENABLE KEYS */;
UNLOCK TABLES;

--
-- Table structure for table `book_authorships`
--

DROP TABLE IF EXISTS `book_authorships`;
/*!40101 SET @saved_cs_client     = @@character_set_client */;
/*!50503 SET character_set_client = utf8mb4 */;
CREATE TABLE `book_authorships` (
  `authorship_id` int NOT NULL AUTO_INCREMENT,
  `book_id` int DEFAULT NULL,
  `author_id` int DEFAULT NULL,
  PRIMARY KEY (`authorship_id`),
  KEY `book_id_idx` (`book_id`),
  KEY `author_id_idx` (`author_id`),
  CONSTRAINT `author_id` FOREIGN KEY (`author_id`) REFERENCES `authors` (`author_id`) ON DELETE RESTRICT ON UPDATE CASCADE,
  CONSTRAINT `book_id` FOREIGN KEY (`book_id`) REFERENCES `books` (`book_id`) ON DELETE RESTRICT ON UPDATE CASCADE
) ENGINE=InnoDB AUTO_INCREMENT=285 DEFAULT CHARSET=utf8mb4 COLLATE=utf8mb4_0900_ai_ci;
/*!40101 SET character_set_client = @saved_cs_client */;

--
-- Dumping data for table `book_authorships`
--

LOCK TABLES `book_authorships` WRITE;
/*!40000 ALTER TABLE `book_authorships` DISABLE KEYS */;
INSERT INTO `book_authorships` VALUES (1,1,71),(2,1,118),(3,2,71),(4,2,118),(5,3,71),(6,3,118),(7,4,71),(8,4,118),(9,5,71),(10,5,118),(11,7,71),(12,8,43),(13,9,43),(14,11,43),(15,11,160),(16,12,43),(17,13,17),(18,14,17),(19,15,17),(20,16,17),(21,17,17),(22,18,17),(23,19,17),(24,20,17),(25,21,17),(26,22,72),(27,24,72),(28,25,4),(29,25,72),(30,26,24),(31,26,27),(32,26,145),(33,27,85),(34,28,6),(35,28,34),(36,28,35),(37,28,102),(38,28,120),(39,28,167),(40,29,59),(41,31,59),(42,32,122),(43,33,31),(44,34,7),(45,34,86),(46,34,89),(47,34,90),(48,34,97),(49,34,116),(50,34,153),(51,34,159),(52,34,177),(53,35,40),(54,36,131),(55,38,91),(56,38,180),(57,39,137),(58,42,48),(59,42,96),(60,43,156),(61,44,114),(62,45,83),(63,45,178),(64,46,83),(65,47,83),(66,48,83),(67,49,83),(68,50,83),(69,51,83),(70,52,83),(71,53,83),(72,54,176),(73,55,176),(74,56,67),(75,57,65),(76,58,64),(77,58,151),(78,59,67),(79,60,8),(80,60,16),(81,60,77),(82,61,67),(83,62,64),(84,62,151),(85,63,11),(86,63,68),(87,63,113),(88,63,155),(89,63,158),(90,64,66),(91,64,104),(92,65,65),(93,66,54),(94,67,54),(95,68,54),(96,69,18),(97,70,54),(98,71,18),(99,71,54),(100,71,95),(101,72,54),(102,73,60),(103,75,20),(104,76,80),(105,76,161),(106,76,168),(107,77,33),(108,78,106),(109,79,3),(110,80,115),(111,81,25),(112,81,105),(113,82,115),(114,83,87),(115,84,115),(116,85,115),(117,86,103),(118,86,109),(119,87,152),(120,88,152),(121,89,146),(122,93,101),(123,93,112),(124,96,5),(125,96,13),(126,96,29),(127,96,36),(128,96,79),(129,96,98),(130,96,101),(131,96,107),(132,96,139),(133,96,143),(134,97,62),(135,98,10),(136,99,45),(137,99,123),(138,100,78),(139,101,51),(140,101,130),(141,102,125),(142,103,173),(143,103,179),(144,104,50),(145,104,57),(146,104,174),(147,105,15),(148,107,61),(149,107,92),(150,108,110),(151,109,164),(152,110,110),(153,111,30),(154,112,21),(155,113,23),(156,113,53),(157,113,149),(158,114,32),(159,115,22),(160,115,73),(161,116,22),(162,116,100),(163,117,22),(164,117,52),(165,118,22),(166,119,172),(167,120,46),(168,120,47),(169,120,99),(170,121,140),(171,122,70),(172,122,169),(173,123,70),(174,124,70),(175,124,75),(176,125,70),(177,126,70),(178,127,70),(179,128,70),(180,130,55),(181,130,69),(182,130,117),(183,130,132),(184,131,111),(185,132,14),(186,132,111),(187,133,111),(188,133,144),(189,134,88),(190,134,154),(191,134,162),(192,135,74),(193,135,88),(194,136,84),(195,136,88),(196,136,150),(197,137,88),(198,138,9),(199,138,88),(200,139,88),(201,144,121),(202,144,124),(203,144,148),(204,144,157),(205,144,171),(206,145,1),(207,145,39),(208,145,148),(209,146,141),(210,147,56),(211,148,44),(212,149,38),(213,150,94),(214,151,133),(215,152,147),(216,153,147),(217,154,147),(218,155,147),(219,156,147),(220,157,43),(221,158,43),(222,159,126),(223,160,165),(224,161,28),(225,161,43),(226,162,129),(227,162,163),(228,163,63),(229,164,127),(230,165,58),(231,166,2),(232,166,119),(233,167,41),(234,168,41),(235,169,41),(236,170,41),(237,171,41),(238,172,41),(239,173,41),(240,174,170),(241,175,170),(242,176,170),(243,178,19),(244,178,26),(245,178,170),(246,179,170),(247,180,170),(248,181,170),(249,182,142),(250,182,170),(251,183,76),(252,184,76),(253,185,76),(254,186,76),(255,187,76),(256,188,76),(257,189,76),(258,189,82),(259,190,37),(260,190,76),(261,191,12),(262,191,108),(263,191,135),(264,192,135),(265,193,135),(266,194,135),(267,195,128),(268,195,136),(269,195,138),(270,196,135),(271,197,135),(272,198,135),(273,199,135),(274,200,135),(278,202,4),(282,205,163),(283,206,163),(284,206,164);
/*!40000 ALTER TABLE `book_authorships` ENABLE KEYS */;
UNLOCK TABLES;

--
-- Table structure for table `book_genre_assignment`
--

DROP TABLE IF EXISTS `book_genre_assignment`;
/*!40101 SET @saved_cs_client     = @@character_set_client */;
/*!50503 SET character_set_client = utf8mb4 */;
CREATE TABLE `book_genre_assignment` (
  `genre_assignment_id` int NOT NULL AUTO_INCREMENT,
  `book_id` int DEFAULT NULL,
  `genre_id` int DEFAULT NULL,
  PRIMARY KEY (`genre_assignment_id`),
  KEY `book_id_fk_genre_idx` (`book_id`),
  KEY `genre_id_idx` (`genre_id`),
  CONSTRAINT `book_id_fk_genre` FOREIGN KEY (`book_id`) REFERENCES `books` (`book_id`) ON DELETE RESTRICT ON UPDATE CASCADE,
  CONSTRAINT `genre_id` FOREIGN KEY (`genre_id`) REFERENCES `genres` (`genre_id`) ON DELETE RESTRICT ON UPDATE CASCADE
) ENGINE=InnoDB AUTO_INCREMENT=1721 DEFAULT CHARSET=utf8mb4 COLLATE=utf8mb4_0900_ai_ci;
/*!40101 SET character_set_client = @saved_cs_client */;

--
-- Dumping data for table `book_genre_assignment`
--

LOCK TABLES `book_genre_assignment` WRITE;
/*!40000 ALTER TABLE `book_genre_assignment` DISABLE KEYS */;
INSERT INTO `book_genre_assignment` VALUES (1,1,9),(2,1,24),(3,1,37),(4,1,45),(5,1,85),(6,1,87),(7,1,133),(8,1,143),(9,1,195),(10,1,241),(11,2,9),(12,2,24),(13,2,37),(14,2,45),(15,2,85),(16,2,87),(17,2,133),(18,2,143),(19,2,195),(20,2,241),(21,3,9),(22,3,24),(23,3,37),(24,3,45),(25,3,85),(26,3,87),(27,3,133),(28,3,143),(29,3,195),(30,3,241),(31,4,9),(32,4,24),(33,4,37),(34,4,45),(35,4,85),(36,4,87),(37,4,133),(38,4,143),(39,4,195),(40,4,241),(41,5,9),(42,5,37),(43,5,85),(44,5,87),(45,5,133),(46,5,143),(47,5,153),(48,5,164),(49,5,216),(50,5,241),(51,7,9),(52,7,37),(53,7,45),(54,7,85),(55,7,87),(56,7,133),(57,7,162),(58,7,164),(59,7,195),(60,7,235),(61,7,241),(62,8,9),(63,8,33),(64,8,45),(65,8,50),(66,8,79),(67,8,85),(68,8,87),(69,8,112),(70,8,162),(71,8,194),(72,8,195),(73,9,9),(74,9,33),(75,9,45),(76,9,50),(77,9,79),(78,9,85),(79,9,87),(80,9,112),(81,9,162),(82,9,194),(83,9,195),(84,11,9),(85,11,24),(86,11,45),(87,11,50),(88,11,85),(89,11,87),(90,11,112),(91,11,162),(92,11,194),(93,11,195),(94,12,9),(95,12,33),(96,12,45),(97,12,50),(98,12,79),(99,12,85),(100,12,87),(101,12,112),(102,12,162),(103,12,194),(104,12,195),(105,13,24),(106,13,103),(107,13,107),(108,13,112),(109,13,160),(110,13,168),(111,13,169),(112,13,175),(113,13,193),(114,13,230),(115,14,9),(116,14,10),(117,14,26),(118,14,29),(119,14,61),(120,14,68),(121,14,107),(122,14,112),(123,14,123),(124,14,139),(125,14,160),(126,14,227),(127,14,228),(128,15,32),(129,15,66),(130,15,107),(131,15,111),(132,15,112),(133,15,125),(134,15,129),(135,15,160),(136,15,184),(137,15,238),(138,15,240),(139,16,9),(140,16,24),(141,16,25),(142,16,26),(143,16,29),(144,16,61),(145,16,107),(146,16,112),(147,16,139),(148,16,160),(149,16,227),(150,16,228),(151,17,13),(152,17,24),(153,17,26),(154,17,29),(155,17,50),(156,17,78),(157,17,112),(158,17,132),(159,17,139),(160,17,160),(161,17,221),(162,17,227),(163,17,240),(164,18,13),(165,18,24),(166,18,26),(167,18,29),(168,18,50),(169,18,112),(170,18,132),(171,18,139),(172,18,160),(173,18,221),(174,18,227),(175,18,228),(176,19,9),(177,19,24),(178,19,26),(179,19,29),(180,19,50),(181,19,78),(182,19,112),(183,19,139),(184,19,160),(185,19,227),(186,19,228),(187,19,240),(188,20,24),(189,20,26),(190,20,29),(191,20,33),(192,20,50),(193,20,79),(194,20,107),(195,20,112),(196,20,139),(197,20,160),(198,20,227),(199,20,228),(200,21,24),(201,21,107),(202,21,111),(203,21,112),(204,21,125),(205,21,129),(206,21,160),(207,21,184),(208,21,193),(209,21,227),(210,21,240),(211,22,9),(212,22,45),(213,22,74),(214,22,85),(215,22,87),(216,22,102),(217,22,132),(218,22,133),(219,22,195),(220,22,241),(221,24,9),(222,24,24),(223,24,45),(224,24,74),(225,24,85),(226,24,87),(227,24,102),(228,24,162),(229,24,195),(230,24,241),(231,25,9),(232,25,45),(233,25,74),(234,25,85),(235,25,87),(236,25,102),(237,25,132),(238,25,162),(239,25,195),(240,25,241),(241,26,7),(242,26,9),(243,26,20),(244,26,45),(245,26,62),(246,26,85),(247,26,87),(248,26,88),(249,26,102),(250,26,135),(251,26,184),(252,27,62),(253,27,85),(254,27,88),(255,27,135),(256,27,184),(257,28,47),(258,28,52),(259,28,53),(260,28,116),(261,28,160),(262,28,178),(263,28,184),(264,28,193),(265,28,204),(266,28,219),(267,28,220),(268,28,234),(269,29,6),(270,29,9),(271,29,37),(272,29,45),(273,29,87),(274,29,143),(275,29,182),(276,29,183),(277,29,192),(278,29,217),(279,29,241),(280,31,6),(281,31,9),(282,31,26),(283,31,29),(284,31,30),(285,31,37),(286,31,139),(287,31,143),(288,31,160),(289,31,192),(290,31,217),(291,33,32),(292,33,60),(293,33,78),(294,33,125),(295,33,130),(296,33,160),(297,33,240),(298,34,8),(299,34,18),(300,34,75),(301,34,76),(302,34,85),(303,34,87),(304,34,164),(305,34,165),(306,34,189),(307,34,198),(308,35,9),(309,35,37),(310,35,80),(311,35,81),(312,35,85),(313,35,87),(314,35,133),(315,35,143),(316,35,164),(317,35,231),(318,35,241),(319,36,82),(320,36,85),(321,36,87),(322,36,102),(323,36,133),(324,36,142),(325,36,155),(326,36,189),(327,36,195),(328,36,241),(329,36,242),(331,38,37),(332,38,45),(333,38,51),(334,38,61),(335,38,79),(336,38,85),(337,38,87),(338,38,103),(339,38,104),(340,38,117),(341,38,118),(342,38,122),(343,38,124),(344,38,131),(345,38,132),(346,38,133),(347,38,138),(348,38,143),(349,38,162),(350,38,241),(351,39,3),(352,39,7),(353,39,33),(354,39,79),(355,39,87),(356,39,98),(357,39,103),(358,39,104),(359,39,106),(360,39,132),(361,39,153),(362,39,189),(363,42,11),(364,42,13),(365,42,31),(366,42,61),(367,42,87),(368,42,103),(369,42,104),(370,42,131),(371,42,132),(372,42,162),(373,42,181),(374,43,34),(375,43,63),(376,43,69),(377,43,89),(378,43,107),(379,43,149),(380,43,160),(381,43,174),(382,44,85),(383,44,94),(384,44,187),(385,45,18),(386,45,48),(387,45,72),(388,45,78),(389,45,107),(390,45,121),(391,45,125),(392,45,132),(393,45,157),(394,45,160),(395,45,193),(396,45,227),(397,45,240),(398,46,34),(399,46,69),(400,46,78),(401,46,107),(402,46,121),(403,46,132),(404,46,160),(405,46,193),(406,46,226),(407,46,227),(408,46,240),(409,47,29),(410,47,78),(411,47,101),(412,47,107),(413,47,136),(414,47,137),(415,47,160),(416,47,193),(417,47,240),(418,48,71),(419,48,72),(420,48,78),(421,48,95),(422,48,96),(423,48,107),(424,48,156),(425,48,157),(426,48,160),(427,48,193),(428,48,240),(429,49,72),(430,49,78),(431,49,95),(432,49,96),(433,49,107),(434,49,156),(435,49,157),(436,49,160),(437,49,193),(438,49,227),(439,49,240),(440,50,9),(441,50,26),(442,50,72),(443,50,78),(444,50,107),(445,50,139),(446,50,156),(447,50,157),(448,50,160),(449,50,193),(450,50,227),(451,50,240),(452,51,78),(453,51,107),(454,51,121),(455,51,144),(456,51,145),(457,51,146),(458,51,160),(459,51,174),(460,51,227),(461,51,233),(462,51,240),(463,52,78),(464,52,90),(465,52,91),(466,52,107),(467,52,121),(468,52,125),(469,52,160),(470,52,199),(471,52,240),(472,53,29),(473,53,72),(474,53,95),(475,53,96),(476,53,107),(477,53,156),(478,53,157),(479,53,160),(480,53,193),(481,53,227),(482,54,6),(483,54,13),(484,54,24),(485,54,55),(486,54,67),(487,54,86),(488,54,87),(489,54,132),(490,54,172),(491,54,182),(492,54,222),(493,54,236),(494,55,4),(495,55,7),(496,55,13),(497,55,45),(498,55,67),(499,55,86),(500,55,87),(501,55,112),(502,55,132),(503,55,172),(504,55,222),(505,56,218),(506,57,20),(507,57,28),(508,57,58),(509,57,160),(510,58,26),(511,58,29),(512,58,39),(513,58,40),(514,58,41),(515,58,42),(516,58,83),(517,58,115),(518,58,160),(519,58,186),(520,58,211),(521,59,70),(522,59,218),(523,60,3),(524,60,37),(525,60,38),(526,60,45),(527,60,87),(528,60,103),(529,60,104),(530,60,122),(531,60,132),(532,60,143),(533,60,241),(534,61,70),(535,61,218),(536,62,26),(537,62,29),(538,62,39),(539,62,40),(540,62,41),(541,62,42),(542,62,83),(543,62,115),(544,62,160),(545,62,186),(546,62,211),(547,63,7),(548,63,37),(549,63,70),(550,63,84),(551,63,101),(552,63,160),(553,63,166),(554,63,184),(555,63,196),(556,63,230),(557,64,196),(558,65,20),(559,65,28),(560,65,58),(561,65,119),(562,65,120),(563,65,160),(564,65,184),(565,66,24),(566,66,45),(567,66,85),(568,66,87),(569,66,162),(570,66,168),(571,66,194),(572,66,195),(573,66,207),(574,66,208),(575,67,9),(576,67,24),(577,67,45),(578,67,85),(579,67,87),(580,67,162),(581,67,194),(582,67,195),(583,67,207),(584,67,208),(585,68,24),(586,68,45),(587,68,85),(588,68,87),(589,68,162),(590,68,194),(591,68,195),(592,68,207),(593,68,208),(594,68,210),(595,69,26),(596,69,29),(597,69,30),(598,69,139),(599,69,160),(600,69,168),(601,69,195),(602,70,24),(603,70,45),(604,70,85),(605,70,87),(606,70,162),(607,70,194),(608,70,195),(609,70,207),(610,70,208),(611,70,210),(612,71,18),(613,71,24),(614,71,48),(615,71,85),(616,71,87),(617,71,194),(618,71,195),(619,71,199),(620,71,207),(621,71,208),(622,72,24),(623,72,45),(624,72,85),(625,72,87),(626,72,162),(627,72,194),(628,72,195),(629,72,207),(630,72,208),(631,72,210),(632,73,7),(633,73,9),(634,73,20),(635,73,45),(636,73,62),(637,73,85),(638,73,87),(639,73,88),(640,73,102),(641,73,135),(642,73,195),(643,75,10),(644,75,45),(645,75,51),(646,75,61),(647,75,87),(648,75,103),(649,75,104),(650,75,132),(651,75,162),(652,75,205),(653,75,206),(654,75,241),(655,76,34),(656,76,127),(657,76,196),(658,77,24),(659,77,34),(660,77,127),(661,77,160),(662,77,177),(663,77,196),(664,78,167),(665,79,34),(666,80,34),(667,80,52),(668,80,53),(669,80,110),(670,80,116),(671,80,160),(672,80,184),(673,80,193),(674,80,220),(675,81,34),(676,81,69),(677,82,34),(678,82,160),(679,82,184),(680,83,53),(681,84,34),(682,84,109),(683,85,184),(684,86,47),(685,86,52),(686,86,53),(687,86,160),(688,86,178),(689,86,184),(690,86,193),(691,86,204),(692,86,219),(693,86,220),(694,87,56),(695,87,91),(696,87,160),(697,88,112),(698,89,52),(699,89,53),(700,89,178),(701,89,184),(702,93,130),(703,96,3),(704,96,45),(705,96,61),(706,96,87),(707,96,103),(708,96,104),(709,96,132),(710,96,162),(711,96,189),(712,96,190),(713,96,191),(714,97,32),(715,97,36),(716,97,55),(717,97,87),(718,97,162),(719,97,221),(720,97,236),(721,97,237),(722,97,240),(723,98,45),(724,98,60),(725,98,61),(726,98,87),(727,98,132),(728,98,162),(729,98,190),(730,98,191),(731,98,230),(732,99,6),(733,99,21),(734,99,22),(735,99,45),(736,99,61),(737,99,87),(738,99,103),(739,99,104),(740,99,113),(741,99,114),(742,99,132),(743,99,162),(744,99,192),(745,100,33),(746,100,55),(747,100,61),(748,100,77),(749,100,79),(750,100,87),(751,100,103),(752,100,104),(753,100,117),(754,100,118),(755,100,131),(756,100,132),(757,100,162),(758,100,213),(759,101,15),(760,101,26),(761,101,29),(762,101,30),(763,101,59),(764,101,107),(765,101,135),(766,101,139),(767,101,153),(768,101,160),(769,101,161),(770,101,229),(771,102,19),(772,102,26),(773,102,29),(774,102,30),(775,102,61),(776,102,103),(777,102,107),(778,102,113),(779,102,139),(780,102,160),(781,102,200),(782,102,201),(783,103,21),(784,103,61),(785,104,26),(786,104,29),(787,104,30),(788,104,61),(789,104,107),(790,104,113),(791,104,139),(792,104,160),(793,104,174),(794,105,202),(795,107,23),(796,107,29),(797,107,107),(798,107,108),(799,107,160),(800,107,169),(801,107,175),(802,107,193),(803,107,207),(804,108,9),(805,108,37),(806,108,45),(807,108,85),(808,108,87),(809,108,143),(810,108,194),(811,108,195),(812,108,225),(813,108,241),(814,109,70),(815,110,9),(816,110,37),(817,110,45),(818,110,85),(819,110,87),(820,110,143),(821,110,194),(822,110,195),(823,110,225),(824,110,241),(825,111,2),(826,111,33),(827,111,79),(828,111,87),(829,111,103),(830,111,104),(831,111,106),(832,111,132),(833,111,189),(834,111,215),(835,112,24),(836,112,33),(837,112,59),(838,112,65),(839,112,79),(840,112,87),(841,112,103),(842,112,104),(843,112,105),(844,112,153),(845,112,154),(846,112,224),(847,113,9),(848,113,26),(849,113,29),(850,113,30),(851,113,139),(852,113,150),(853,113,151),(854,113,160),(855,113,212),(856,113,226),(857,113,227),(858,113,228),(859,114,73),(860,114,74),(861,114,85),(862,114,87),(863,114,102),(864,114,133),(865,114,194),(866,114,195),(867,114,210),(868,114,214),(869,115,13),(870,115,59),(871,115,65),(872,115,87),(873,115,100),(874,115,132),(875,115,153),(876,115,159),(877,115,162),(878,115,221),(879,115,224),(880,116,7),(881,116,13),(882,116,59),(883,116,65),(884,116,87),(885,116,100),(886,116,132),(887,116,153),(888,116,154),(889,116,159),(890,116,224),(891,117,13),(892,117,59),(893,117,65),(894,117,87),(895,117,100),(896,117,132),(897,117,153),(898,117,159),(899,117,162),(900,117,221),(901,117,224),(902,118,4),(903,118,13),(904,118,20),(905,118,59),(906,118,87),(907,118,132),(908,118,153),(909,118,154),(910,118,159),(911,118,162),(912,118,224),(913,119,6),(914,119,13),(915,119,24),(916,119,49),(917,119,51),(918,119,55),(919,119,87),(920,119,131),(921,119,132),(922,119,162),(923,119,241),(924,120,37),(925,120,170),(926,120,173),(927,121,18),(928,121,37),(929,121,87),(930,121,112),(931,121,173),(932,122,4),(933,122,13),(934,122,29),(935,122,45),(936,122,78),(937,122,125),(938,122,132),(939,122,160),(940,122,168),(941,122,184),(942,122,240),(943,123,4),(944,123,8),(945,123,13),(946,123,45),(947,123,61),(948,123,76),(949,123,87),(950,123,92),(951,123,132),(952,123,148),(953,123,162),(954,123,221),(955,124,4),(956,124,8),(957,124,13),(958,124,27),(959,124,45),(960,124,61),(961,124,76),(962,124,87),(963,124,92),(964,124,131),(965,124,132),(966,124,162),(967,125,8),(968,125,13),(969,125,27),(970,125,45),(971,125,76),(972,125,87),(973,125,131),(974,125,132),(975,125,162),(976,125,197),(977,125,221),(978,126,4),(979,126,8),(980,126,13),(981,126,45),(982,126,55),(983,126,76),(984,126,87),(985,126,131),(986,126,132),(987,126,162),(988,126,221),(989,127,4),(990,127,8),(991,127,13),(992,127,45),(993,127,76),(994,127,87),(995,127,132),(996,127,162),(997,127,188),(998,127,197),(999,127,221),(1000,128,4),(1001,128,13),(1002,128,16),(1003,128,45),(1004,128,78),(1005,128,87),(1006,128,132),(1007,128,162),(1008,128,221),(1009,128,227),(1010,128,240),(1011,130,3),(1012,130,13),(1013,130,44),(1014,130,45),(1015,130,87),(1016,130,103),(1017,130,104),(1018,130,132),(1019,130,162),(1020,130,189),(1021,130,232),(1022,131,6),(1023,131,29),(1024,131,61),(1025,131,78),(1026,131,79),(1027,131,92),(1028,131,93),(1029,131,125),(1030,131,132),(1031,131,160),(1032,131,192),(1033,131,199),(1034,131,236),(1035,131,240),(1036,132,26),(1037,132,29),(1038,132,30),(1039,132,61),(1040,132,79),(1041,132,92),(1042,132,93),(1043,132,107),(1044,132,139),(1045,132,160),(1046,132,233),(1047,132,239),(1048,133,4),(1049,133,45),(1050,133,61),(1051,133,79),(1052,133,87),(1053,133,92),(1054,133,93),(1055,133,131),(1056,133,132),(1057,133,162),(1058,133,188),(1059,133,236),(1060,134,160),(1061,134,173),(1062,134,189),(1063,135,29),(1064,135,107),(1065,136,45),(1066,136,87),(1067,136,132),(1068,136,168),(1069,136,173),(1070,136,189),(1071,136,211),(1072,137,39),(1073,137,42),(1074,137,45),(1075,137,87),(1076,137,132),(1077,137,168),(1078,137,173),(1079,137,186),(1080,137,211),(1081,137,223),(1082,138,45),(1083,138,61),(1084,138,87),(1085,138,128),(1086,138,132),(1087,138,162),(1088,138,168),(1089,138,173),(1090,138,189),(1091,138,199),(1092,138,211),(1093,139,4),(1094,139,24),(1095,139,45),(1096,139,61),(1097,139,87),(1098,139,128),(1099,139,132),(1100,139,168),(1101,139,173),(1102,139,186),(1103,139,211),(1104,144,9),(1105,144,35),(1106,144,37),(1107,144,44),(1108,144,45),(1109,144,85),(1110,144,87),(1111,144,103),(1112,144,104),(1113,144,122),(1114,144,132),(1115,144,143),(1116,144,162),(1117,144,171),(1118,144,241),(1119,145,9),(1120,145,35),(1121,145,37),(1122,145,45),(1123,145,87),(1124,145,103),(1125,145,104),(1126,145,132),(1127,145,171),(1128,145,241),(1129,146,11),(1130,146,15),(1131,146,59),(1132,146,61),(1133,146,107),(1134,146,153),(1135,146,160),(1136,146,161),(1137,146,174),(1138,146,181),(1139,147,45),(1140,147,61),(1141,147,79),(1142,147,85),(1143,147,87),(1144,147,103),(1145,147,104),(1146,147,126),(1147,147,131),(1148,147,132),(1149,147,134),(1150,147,162),(1151,147,209),(1152,148,6),(1153,148,17),(1154,148,37),(1155,148,45),(1156,148,85),(1157,148,87),(1158,148,112),(1159,148,122),(1160,148,170),(1161,148,173),(1162,148,192),(1163,149,46),(1164,149,103),(1165,149,104),(1166,149,106),(1167,149,185),(1168,149,189),(1169,150,37),(1170,150,87),(1171,150,143),(1172,150,183),(1173,150,241),(1174,151,45),(1175,151,59),(1176,151,79),(1177,151,87),(1178,151,97),(1179,151,103),(1180,151,104),(1181,151,109),(1182,151,153),(1183,151,162),(1184,151,224),(1185,152,9),(1186,152,24),(1187,152,45),(1188,152,85),(1189,152,87),(1190,152,162),(1191,152,194),(1192,152,195),(1193,152,210),(1194,152,225),(1195,153,24),(1196,153,45),(1197,153,85),(1198,153,87),(1199,153,162),(1200,153,168),(1201,153,186),(1202,153,194),(1203,153,195),(1204,153,210),(1205,154,9),(1206,154,24),(1207,154,45),(1208,154,85),(1209,154,87),(1210,154,162),(1211,154,194),(1212,154,195),(1213,154,210),(1214,154,225),(1215,155,9),(1216,155,50),(1217,155,85),(1218,155,87),(1219,155,112),(1220,155,162),(1221,155,186),(1222,155,194),(1223,155,195),(1224,155,210),(1225,156,9),(1226,156,24),(1227,156,37),(1228,156,45),(1229,156,85),(1230,156,87),(1231,156,122),(1232,156,194),(1233,156,195),(1234,156,210),(1235,156,241),(1236,157,24),(1237,157,33),(1238,157,50),(1239,157,79),(1240,157,85),(1241,157,87),(1242,157,112),(1243,157,153),(1244,157,162),(1245,157,194),(1246,157,195),(1247,158,24),(1248,158,50),(1249,158,78),(1250,158,85),(1251,158,87),(1252,158,112),(1253,158,153),(1254,158,194),(1255,158,195),(1256,158,199),(1257,158,240),(1258,159,29),(1259,159,30),(1260,159,107),(1261,159,112),(1262,159,160),(1263,159,163),(1264,159,230),(1265,160,9),(1266,160,12),(1267,160,50),(1268,160,85),(1269,160,87),(1270,160,112),(1271,160,162),(1272,160,194),(1273,160,195),(1274,160,207),(1275,161,24),(1276,161,50),(1277,161,78),(1278,161,85),(1279,161,87),(1280,161,112),(1281,161,153),(1282,161,194),(1283,161,195),(1284,161,199),(1285,161,240),(1286,162,6),(1287,162,37),(1288,162,85),(1289,162,172),(1290,162,182),(1291,163,24),(1292,163,61),(1293,163,78),(1294,163,111),(1295,163,112),(1296,163,125),(1297,163,160),(1298,163,168),(1299,163,174),(1300,163,180),(1301,163,203),(1302,163,240),(1303,164,6),(1304,164,26),(1305,164,29),(1306,164,30),(1307,164,84),(1308,164,132),(1309,164,139),(1310,164,140),(1311,164,141),(1312,164,160),(1313,164,173),(1314,164,192),(1315,165,14),(1316,165,15),(1317,165,29),(1318,165,43),(1319,165,103),(1320,165,107),(1321,165,146),(1322,165,160),(1323,165,161),(1324,165,174),(1325,165,176),(1326,165,233),(1327,166,15),(1328,166,37),(1329,166,43),(1330,166,45),(1331,166,103),(1332,166,107),(1333,166,146),(1334,166,160),(1335,166,161),(1336,166,170),(1337,166,174),(1338,166,176),(1339,166,233),(1340,167,4),(1341,167,13),(1342,167,16),(1343,167,45),(1344,167,55),(1345,167,87),(1346,167,103),(1347,167,104),(1348,167,131),(1349,167,132),(1350,167,162),(1351,168,4),(1352,168,13),(1353,168,55),(1354,168,87),(1355,168,103),(1356,168,104),(1357,168,131),(1358,168,132),(1359,168,162),(1360,168,174),(1361,168,221),(1362,169,4),(1363,169,13),(1364,169,16),(1365,169,45),(1366,169,55),(1367,169,87),(1368,169,131),(1369,169,132),(1370,169,162),(1371,169,230),(1372,170,4),(1373,170,13),(1374,170,16),(1375,170,55),(1376,170,87),(1377,170,131),(1378,170,132),(1379,170,162),(1380,170,221),(1381,170,224),(1382,171,5),(1383,171,13),(1384,171,16),(1385,171,55),(1386,171,87),(1387,171,131),(1388,171,132),(1389,171,158),(1390,171,162),(1391,171,221),(1392,172,4),(1393,172,13),(1394,172,55),(1395,172,87),(1396,172,131),(1397,172,132),(1398,172,152),(1399,172,158),(1400,172,162),(1401,172,230),(1402,173,4),(1403,173,13),(1404,173,55),(1405,173,61),(1406,173,87),(1407,173,99),(1408,173,131),(1409,173,132),(1410,173,153),(1411,173,162),(1412,173,221),(1413,174,13),(1414,174,55),(1415,174,87),(1416,174,103),(1417,174,104),(1418,174,131),(1419,174,132),(1420,174,162),(1421,174,194),(1422,174,214),(1423,175,4),(1424,175,13),(1425,175,45),(1426,175,55),(1427,175,87),(1428,175,131),(1429,175,132),(1430,175,147),(1431,175,162),(1432,175,221),(1433,176,4),(1434,176,13),(1435,176,45),(1436,176,55),(1437,176,87),(1438,176,131),(1439,176,132),(1440,176,153),(1441,176,162),(1442,176,221),(1443,178,4),(1444,178,13),(1445,178,45),(1446,178,87),(1447,178,103),(1448,178,104),(1449,178,131),(1450,178,132),(1451,178,162),(1452,178,221),(1453,179,4),(1454,179,13),(1455,179,45),(1456,179,55),(1457,179,87),(1458,179,112),(1459,179,131),(1460,179,132),(1461,179,162),(1462,179,221),(1463,180,13),(1464,180,45),(1465,180,87),(1466,180,103),(1467,180,104),(1468,180,131),(1469,180,132),(1470,180,162),(1471,180,194),(1472,180,230),(1473,180,233),(1474,181,4),(1475,181,13),(1476,181,18),(1477,181,45),(1478,181,48),(1479,181,55),(1480,181,87),(1481,181,132),(1482,181,162),(1483,181,199),(1484,181,221),(1485,182,4),(1486,182,13),(1487,182,45),(1488,182,57),(1489,182,61),(1490,182,87),(1491,182,112),(1492,182,131),(1493,182,132),(1494,182,162),(1495,182,221),(1496,183,13),(1497,183,24),(1498,183,26),(1499,183,29),(1500,183,30),(1501,183,64),(1502,183,78),(1503,183,132),(1504,183,139),(1505,183,160),(1506,183,180),(1507,183,240),(1508,184,4),(1509,184,13),(1510,184,26),(1511,184,29),(1512,184,45),(1513,184,78),(1514,184,107),(1515,184,121),(1516,184,132),(1517,184,139),(1518,184,160),(1519,184,236),(1520,184,240),(1521,185,4),(1522,185,8),(1523,185,13),(1524,185,55),(1525,185,87),(1526,185,131),(1527,185,132),(1528,185,162),(1529,185,174),(1530,185,236),(1531,186,13),(1532,186,15),(1533,186,26),(1534,186,29),(1535,186,30),(1536,186,78),(1537,186,107),(1538,186,132),(1539,186,139),(1540,186,160),(1541,186,161),(1542,186,221),(1543,186,240),(1544,187,4),(1545,187,13),(1546,187,26),(1547,187,29),(1548,187,45),(1549,187,78),(1550,187,107),(1551,187,121),(1552,187,132),(1553,187,139),(1554,187,160),(1555,187,199),(1556,187,240),(1557,188,4),(1558,188,13),(1559,188,16),(1560,188,55),(1561,188,87),(1562,188,103),(1563,188,104),(1564,188,131),(1565,188,132),(1566,188,162),(1567,188,174),(1568,189,13),(1569,189,26),(1570,189,29),(1571,189,45),(1572,189,78),(1573,189,107),(1574,189,121),(1575,189,132),(1576,189,139),(1577,189,160),(1578,189,174),(1579,189,199),(1580,189,240),(1581,190,4),(1582,190,13),(1583,190,45),(1584,190,55),(1585,190,86),(1586,190,87),(1587,190,131),(1588,190,132),(1589,190,162),(1590,190,236),(1591,191,13),(1592,191,45),(1593,191,55),(1594,191,59),(1595,191,87),(1596,191,132),(1597,191,153),(1598,191,158),(1599,191,162),(1600,191,221),(1601,192,4),(1602,192,13),(1603,192,45),(1604,192,55),(1605,192,59),(1606,192,87),(1607,192,131),(1608,192,132),(1609,192,153),(1610,192,162),(1611,193,4),(1612,193,13),(1613,193,55),(1614,193,59),(1615,193,87),(1616,193,131),(1617,193,132),(1618,193,153),(1619,193,162),(1620,193,221),(1621,194,4),(1622,194,13),(1623,194,55),(1624,194,87),(1625,194,131),(1626,194,132),(1627,194,153),(1628,194,158),(1629,194,162),(1630,194,221),(1631,195,54),(1632,195,160),(1633,195,179),(1634,196,5),(1635,196,13),(1636,196,16),(1637,196,55),(1638,196,87),(1639,196,131),(1640,196,132),(1641,196,158),(1642,196,162),(1643,196,221),(1644,197,4),(1645,197,6),(1646,197,13),(1647,197,45),(1648,197,55),(1649,197,87),(1650,197,132),(1651,197,162),(1652,197,188),(1653,197,192),(1654,197,221),(1655,198,4),(1656,198,13),(1657,198,45),(1658,198,55),(1659,198,87),(1660,198,131),(1661,198,132),(1662,198,162),(1663,198,188),(1664,198,221),(1665,199,5),(1666,199,13),(1667,199,24),(1668,199,55),(1669,199,87),(1670,199,131),(1671,199,132),(1672,199,153),(1673,199,162),(1674,199,221),(1675,200,2),(1676,200,4),(1677,200,6),(1678,200,13),(1679,200,45),(1680,200,55),(1681,200,87),(1682,200,107),(1683,200,131),(1684,200,132),(1685,200,153),(1686,200,160),(1687,200,162),(1688,200,168),(1689,200,174),(1690,200,188),(1691,200,192),(1692,200,221),(1693,201,189),(1714,202,4),(1718,205,2),(1719,206,2),(1720,206,3);
/*!40000 ALTER TABLE `book_genre_assignment` ENABLE KEYS */;
UNLOCK TABLES;

--
-- Temporary view structure for view `bookpopularityview`
--

DROP TABLE IF EXISTS `bookpopularityview`;
/*!50001 DROP VIEW IF EXISTS `bookpopularityview`*/;
SET @saved_cs_client     = @@character_set_client;
/*!50503 SET character_set_client = utf8mb4 */;
/*!50001 CREATE VIEW `bookpopularityview` AS SELECT 
 1 AS `ranking`,
 1 AS `book_info`,
 1 AS `popularity_score`*/;
SET character_set_client = @saved_cs_client;

--
-- Temporary view structure for view `bookreviewsummaryview`
--

DROP TABLE IF EXISTS `bookreviewsummaryview`;
/*!50001 DROP VIEW IF EXISTS `bookreviewsummaryview`*/;
SET @saved_cs_client     = @@character_set_client;
/*!50503 SET character_set_client = utf8mb4 */;
/*!50001 CREATE VIEW `bookreviewsummaryview` AS SELECT 
 1 AS `book_id`,
 1 AS `book_title`,
 1 AS `authors`,
 1 AS `average_rating`,
 1 AS `total_reviews`*/;
SET character_set_client = @saved_cs_client;

--
-- Table structure for table `books`
--

DROP TABLE IF EXISTS `books`;
/*!40101 SET @saved_cs_client     = @@character_set_client */;
/*!50503 SET character_set_client = utf8mb4 */;
CREATE TABLE `books` (
  `book_id` int NOT NULL AUTO_INCREMENT,
  `book_title` mediumtext NOT NULL,
  `published_date` date DEFAULT NULL,
  `book_isbn` varchar(20) NOT NULL,
  `average_rating` decimal(3,2) DEFAULT '0.00',
  `total_reviews` int DEFAULT '0',
  `popularity_score` decimal(5,2) DEFAULT '0.00',
  PRIMARY KEY (`book_id`),
  UNIQUE KEY `book_isbn_UNIQUE` (`book_isbn`)
) ENGINE=InnoDB AUTO_INCREMENT=207 DEFAULT CHARSET=utf8mb4 COLLATE=utf8mb4_0900_ai_ci;
/*!40101 SET character_set_client = @saved_cs_client */;

--
-- Dumping data for table `books`
--

LOCK TABLES `books` WRITE;
/*!40000 ALTER TABLE `books` DISABLE KEYS */;
INSERT INTO `books` VALUES (1,'Harry Potter and the Half-Blood Prince (Harry Potter  #6)','2006-09-16','9780439785969',2.88,16,46.08),(2,'Harry Potter and the Order of the Phoenix (Harry Potter  #5)','2004-09-01','9780439358071',2.91,11,32.01),(3,'Harry Potter and the Chamber of Secrets (Harry Potter  #2)','2003-11-01','9780439554893',2.86,14,40.04),(4,'Harry Potter and the Prisoner of Azkaban (Harry Potter  #3)','2004-05-01','9780439655484',3.20,15,48.00),(5,'Harry Potter Boxed Set  Books 1-5 (Harry Potter  #1-5)','2004-09-13','9780439682589',3.69,13,47.97),(6,'Unauthorized Harry Potter Book Seven News: \"Half-Blood Prince\" Analysis and Speculation','2005-04-26','9780976540601',3.00,13,39.00),(7,'Harry Potter Collection (Harry Potter  #1-6)','2005-09-12','9780439827607',3.08,12,36.96),(8,'The Ultimate Hitchhiker\'s Guide: Five Complete Novels and One Story (Hitchhiker\'s Guide to the Galaxy  #1-5)','2005-11-01','9780517226957',3.57,14,49.98),(9,'The Ultimate Hitchhiker\'s Guide to the Galaxy (Hitchhiker\'s Guide to the Galaxy  #1-5)','2002-04-30','9780345453747',3.54,13,46.02),(10,'The Hitchhiker\'s Guide to the Galaxy (Hitchhiker\'s Guide to the Galaxy  #1)','2004-08-03','9781400052929',3.00,12,36.00),(11,'The Hitchhiker\'s Guide to the Galaxy (Hitchhiker\'s Guide to the Galaxy  #1)','2005-03-23','9780739322208',2.27,15,34.05),(12,'The Ultimate Hitchhiker\'s Guide (Hitchhiker\'s Guide to the Galaxy  #1-5)','1996-01-17','9780517149256',4.33,15,64.95),(13,'A Short History of Nearly Everything','2004-09-14','9780767908184',3.15,13,40.95),(14,'Bill Bryson\'s African Diary','2002-12-03','9780767915069',2.88,16,46.08),(15,'Bryson\'s Dictionary of Troublesome Words: A Writer\'s Guide to Getting It Right','2004-09-14','9780767910439',3.27,11,35.97),(16,'In a Sunburned Country','2001-05-15','9780767903868',3.36,14,47.04),(17,'I\'m a Stranger Here Myself: Notes on Returning to America After Twenty Years Away','2000-06-28','9780767903820',3.46,13,44.98),(18,'The Lost Continent: Travels in Small Town America','1990-08-28','9780060920081',2.42,12,29.04),(19,'Neither Here nor There: Travels in Europe','1993-03-28','9780380713806',2.67,12,32.04),(20,'Notes from a Small Island','1997-05-28','9780380727506',2.69,16,43.04),(21,'The Mother Tongue: English and How It Got That Way','1991-09-28','9780380715435',3.50,10,35.00),(22,'J.R.R. Tolkien 4-Book Boxed Set: The Hobbit and The Lord of the Rings','2012-09-25','9780345538376',2.77,13,36.01),(23,'The Lord of the Rings (The Lord of the Rings  #1-3)','2004-10-21','9780618517657',3.14,14,43.96),(24,'The Fellowship of the Ring (The Lord of the Rings  #1)','2003-09-05','9780618346257',3.55,11,39.05),(25,'The Lord of the Rings (The Lord of the Rings  #1-3)','2002-10-01','9780618260584',2.50,10,25.00),(26,'The Lord of the Rings: Weapons and Warfare','2003-11-05','9780618391004',2.80,10,28.00),(27,'The Lord of the Rings: Complete Visual Companion','2004-11-15','9780618510825',2.83,12,33.96),(28,'Agile Web Development with Rails: A Pragmatic Guide','2005-07-28','9780976694007',2.00,14,28.00),(29,'Hatchet (Brian\'s Saga  #1)','2000-04-01','9780689840920',2.77,13,36.01),(30,'Hatchet: A Guide for Using \"Hatchet\" in the Classroom','1994-08-28','9781557344496',3.38,13,43.94),(31,'Guts: The True Stories behind Hatchet and the Brian Books','2001-01-23','9780385326506',3.30,10,33.00),(32,'Molly Hatchet - 5 of the Best','2003-06-10','9781575606248',3.00,14,42.00),(33,'Hatchet Jobs: Writings on Contemporary Fiction','2005-11-01','9781595580276',3.00,14,42.00),(34,'A Changeling for All Seasons (Changeling Seasons #1)','2005-11-01','9781595962805',3.46,13,44.98),(35,'Changeling (Changeling  #1)','2006-08-17','9780670059676',3.23,13,41.99),(36,'The Changeling Sea','2003-04-14','9780141312620',3.18,11,34.98),(37,'The Changeling','2004-06-08','9780595321803',2.92,12,35.04),(38,'The Changeling','2005-04-12','9781590301944',2.73,11,30.03),(39,'The Changeling (Daughters of England  #15)','1990-08-28','9780449146972',3.57,14,49.98),(40,'The Known World','2006-08-29','9780061159176',2.87,15,43.05),(41,'The Known World','2004-06-15','9780060762735',3.25,12,39.00),(42,'The Known World','2004-06-15','9780060749910',2.64,11,29.04),(43,'Traders  Guns & Money: Knowns and Unknowns in the Dazzling World of Derivatives','2006-05-15','9780273704744',2.77,13,36.01),(44,'Artesia: Adventures in the Known World','2005-12-14','9781932386103',3.14,14,43.96),(45,'The John McPhee Reader (John McPhee Reader  #1)','1982-06-01','9780374517199',2.87,15,43.05),(46,'Uncommon Carriers','2006-05-16','9780374280390',2.20,10,22.00),(47,'Heirs of General Practice','1986-04-01','9780374519742',3.53,15,52.95),(48,'The Control of Nature','1990-09-01','9780374522599',2.71,14,37.94),(49,'Annals of the Former World','1999-01-06','9780374518738',2.69,13,34.97),(50,'Coming Into the Country','1991-04-01','9780374522872',3.08,13,40.04),(51,'La Place de la Concorde Suisse','1994-04-01','9780374519322',2.83,12,33.96),(52,'Giving Good Weight','1994-04-01','9780374516000',3.21,14,44.94),(53,'Rising from the Plains','1987-11-01','9780374520656',2.70,10,27.00),(54,'The Heidi Chronicles','2002-03-01','9780822205104',2.50,10,25.00),(55,'The Heidi Chronicles: Uncommon Women and Others & Isn\'t It Romantic','1991-07-02','9780679734994',2.47,15,37.05),(56,'Active Literacy Across the Curriculum: Strategies for Reading  Writing  Speaking  and Listening','2006-03-29','9781596670235',2.67,12,32.04),(57,'Simply Beautiful Beaded Jewelry','2006-03-14','9781581807745',2.71,14,37.94),(58,'Always Enough: God\'s Miraculous Provision Among the Poorest Children on Earth','2003-09-01','9780800793616',3.07,15,46.05),(59,'Mapping the Big Picture: Integrating Curriculum & Assessment K-12','1997-01-28','9780871202864',2.77,13,36.01),(60,'Heidi (Heidi  #1-2)','2002-11-15','9780753454947',3.42,12,41.04),(61,'Getting Results with Curriculum Mapping','2004-11-15','9780871209993',3.64,11,40.04),(62,'There\'s Always Enough: The Miraculous Move of God in Mozambique','2003-04-28','9781852402877',3.60,10,36.00),(63,'What to Expect the First Year (What to Expect)','2003-10-16','9780761129585',3.33,15,49.95),(64,'The Player\'s Handbook: The Ultimate Guide on Dating and Relationships','2004-05-10','9780972016414',3.36,11,36.96),(65,'Simply Beautiful Beading: 53 Quick and Easy Projects','2004-08-19','9781581805635',3.43,14,48.02),(66,'God Emperor of Dune (Dune Chronicles  #4)','1987-06-15','9780441294671',3.18,11,34.98),(67,'Chapterhouse: Dune (Dune Chronicles #6)','1987-07-01','9780441102679',4.10,10,41.00),(68,'Dune Messiah (Dune Chronicles #2)','1987-07-15','9780441172696',3.08,12,36.96),(69,'Dreamer of Dune: The Biography of Frank Herbert','2004-07-01','9780765306470',2.92,12,35.04),(70,'Heretics of Dune (Dune Chronicles  #5)','1984-04-16','9780399128981',3.50,10,35.00),(71,'The Road to Dune','2006-08-29','9780765353702',2.79,14,39.06),(72,'Heretics of Dune (Dune Chronicles #5)','1987-08-15','9780441328000',3.62,13,47.06),(73,'The Lord of the Rings: The Art of the Fellowship of the Ring','2002-06-12','9780618212903',3.50,8,28.00),(74,'The Power of One (The Power of One  #1)','1996-09-29','9780345410054',3.50,4,14.00),(75,'The Power of One (The Power of One  #1)','2005-09-13','9780385732543',1.00,1,1.00),(76,'The Power of One: One Person  One Rule  One Month','2004-11-01','9780785260059',3.00,1,3.00),(77,'Power of an Hour: Business and Life Mastery in One Hour a Week','2006-05-19','9780471780939',5.00,1,5.00),(78,'The Power of One: The Solo Play for Playwrights  Actors  and Directors','2000-02-07','9780325001531',0.00,0,0.00),(79,'How to Buy  Sell & Profit on eBay: Kick-Start Your Home-Based Business in Just Thirty Days','2005-05-03','9780060762872',0.00,0,0.00),(80,'eBay for Dummies','2006-10-30','9780470045299',0.00,0,0.00),(81,'What to Sell on ebay and Where to Get It: The Definitive Guide to Product Sourcing for eBay and Beyond','2006-01-24','9780072262780',0.00,0,0.00),(82,'Starting an eBay Business for Dummies','2004-09-17','9780764569241',0.00,0,0.00),(83,'eBay: Top 100 Simplified Tips & Tricks','2006-06-06','9780471933823',4.00,1,4.00),(84,'ebay Timesaving Techniques for Dummies','2004-05-31','9780764559914',0.00,0,0.00),(85,'eBay Business All-in-One Desk Reference for Dummies','2005-04-25','9780764584381',0.00,0,0.00),(86,'Ruby Cookbook','2006-07-29','9780596523695',0.00,0,0.00),(87,'Ruby Ann\'s Down Home Trailer Park Cookbook','2005-05-03','9780806523491',0.00,0,0.00),(88,'Ruby Ann\'s Down Home Trailer Park BBQin\' Cookbook','2005-05-03','9780806525365',0.00,0,0.00),(89,'Rails Cookbook: Recipes for Rapid Web Development with Ruby','2007-01-01','9780596527310',4.00,2,8.00),(90,'Anna Karenina','2004-05-31','9780143035008',0.00,0,0.00),(91,'Anna Karenina','2002-11-05','9780451528612',0.00,0,0.00),(92,'Anna Karenina','2003-01-30','9780140449174',0.00,0,0.00),(93,'CliffsNotes on Tolstoy\'s Anna Karenina','1965-11-26','9780822001836',2.50,2,5.00),(94,'Anna Karenina','2003-07-01','9781593080273',4.00,1,4.00),(95,'Anna Karenina','2004-11-23','9780486437965',5.00,1,5.00),(96,'Anna Karenina','2004-08-26','9781593081775',2.50,2,5.00),(97,'Dinner with Anna Karenina','2006-01-28','9780778322276',0.00,0,0.00),(98,'Tolstoy: Anna Karenina','1987-11-26','9780521313254',3.00,1,3.00),(99,'Untouchable','1990-07-03','9780140183955',1.50,2,3.00),(100,'The Untouchable','1998-06-30','9780679767473',0.00,0,0.00),(101,'The Untouchables','1996-02-01','9781568491981',2.67,3,8.01),(102,'Untouchables: My Family\'s Triumphant Journey Out of the Caste System in Modern India','2005-09-27','9780743270793',2.00,1,2.00),(103,'Dalit: The Black Untaouchables of India','1995-01-28','9780932863058',0.00,0,0.00),(104,'Growing Up Untouchable in India: A Dalit Autobiography','2000-12-20','9780742508804',0.00,0,0.00),(105,'The Evidence-Based Social Work Skills Book','2003-09-22','9780205358625',2.00,1,2.00),(106,'A Wrinkle in Time: A Guide for Using \"A Wrinkle in Time\" in the Classroom','1991-09-28','9781557344038',4.00,2,8.00),(107,'Wrinkles in Time','1994-10-01','9780380720446',2.00,1,2.00),(108,'A Wrinkle in Time: With Related Readings (A Wrinkle in Time Quintet #1)','2002-05-01','9780821925324',0.00,0,0.00),(109,'Literature Circle Guide: A Wrinkle in Time','2002-01-01','9780439271691',0.00,0,0.00),(110,'Una arruga en el tiempo – A Wrinkle in Time','1984-06-01','9780606105262',0.00,0,0.00),(111,'The Long Shadow (The Morland Dynasty  #6)','1994-06-01','9780751506433',4.00,1,4.00),(112,'A Long Shadow (Inspector Ian Rutledge  #8)','2006-01-03','9780060786717',0.00,0,0.00),(113,'Long Way Round: Chasing Shadows Across the World','2005-11-01','9780743499347',0.00,0,0.00),(114,'A Shadow in Summer (Long Price Quartet  #1)','2006-03-07','9780765313409',0.00,0,0.00),(115,'New Hope for the Dead (Hoke Mosely #2)','2004-08-10','9781400032495',0.00,0,0.00),(116,'Sideswipe: A Hoke Moseley Novel','2005-03-08','9781400032488',0.00,0,0.00),(117,'Miami Blues (Hoke Moseley #1)','2004-08-10','9781400032464',5.00,1,5.00),(118,'The Burnt Orange Heresy (Vintage Crime/Black Lizard)','1990-10-03','9780679732525',3.00,1,3.00),(119,'I am Charlotte Simmons','2005-08-30','9780312424442',1.00,1,1.00),(120,'Poetry for Young People: Edward Lear','2001-10-01','9780806930770',0.00,0,0.00),(121,'The Puffin Book of Nonsense Verse','1996-10-03','9780140366600',0.00,0,0.00),(122,'Henry Miller on Writing','1964-02-01','9780811201124',3.00,1,3.00),(123,'Quiet Days in Clichy','1994-01-13','9780802130167',0.00,0,0.00),(124,'Tropic of Cancer','1994-01-06','9780802131782',3.00,1,3.00),(125,'Tropic of Capricorn','1994-01-13','9780802151827',0.00,0,0.00),(126,'Nexus (The Rosy Crucifixion  #3)','1994-01-13','9780802151780',0.00,0,0.00),(127,'Sexus (The Rosy Crucifixion  #1)','1994-01-12','9780802151803',3.50,2,7.00),(128,'The Air-Conditioned Nightmare','1970-01-17','9780811201063',0.00,0,0.00),(129,'The Portrait of a Lady','2003-09-30','9780141439631',0.00,0,0.00),(130,'The Portrait of a Lady','2004-01-16','9781593080969',0.00,0,0.00),(131,'Writing','1999-05-06','9781571290533',2.00,2,4.00),(132,'The War','1994-08-01','9781565842212',0.00,0,0.00),(133,'The Ravishing of Lol Stein','1986-03-12','9780394743042',0.00,0,0.00),(134,'Love Letters','1999-07-01','9781851681822',0.00,0,0.00),(135,'Kahlil Gibran: His Life and World','1998-04-01','9781566562492',0.00,0,0.00),(136,'The Beloved: Reflections on the Path of the Heart','1998-01-01','9780140195538',3.00,1,3.00),(137,'Jesus the Son of Man','1995-02-21','9780394431246',3.00,2,6.00),(138,'The Broken Wings','2003-03-03','9780806501901',1.00,1,1.00),(139,'Sand and Foam','2011-06-14','9780679439202',0.00,0,0.00),(140,'Treasure Island','2001-09-15','9780753453803',0.00,0,0.00),(141,'Treasure Island','2004-10-01','9781402714573',1.00,1,1.00),(142,'Treasure Island','2005-06-01','9781416500292',0.00,0,0.00),(143,'Treasure Island','2003-07-01','9780689854682',1.50,2,3.00),(144,'Treasure Island','2002-09-03','9780517221143',4.00,2,8.00),(145,'Treasure Island (Great Illustrated Classics)','2006-01-31','9781577658054',4.50,2,9.00),(146,'100 Years of Lynchings','1996-11-22','9780933121188',4.00,1,4.00),(147,'Cien años de soledad','1990-01-01','9780785950103',2.00,1,2.00),(148,'On Beyond Zebra!','1955-09-12','9780394800844',1.00,1,1.00),(149,'The Wedding Clause','2005-06-07','9780821778258',4.50,2,9.00),(150,'The Zebra Wall','2005-02-15','9780060733032',2.00,1,2.00),(151,'El perfume: Historia de un asesino','2002-06-01','9788432216060',0.00,0,0.00),(152,'The Door Into Summer','1997-06-17','9780345413994',0.00,0,0.00),(153,'Stranger in a Strange Land','1991-10-01','9780441788385',3.00,1,3.00),(154,'To Sail Beyond the Sunset','1988-06-01','9780441748600',0.00,0,0.00),(155,'Job: A Comedy of Justice','1985-10-12','9780345316509',3.00,1,3.00),(156,'Time for the Stars (Heinlein\'s Juveniles  #10)','2006-08-08','9780765314932',3.00,1,3.00),(157,'The Long Dark Tea-Time of the Soul (Dirk Gently  #2)','1991-02-15','9780671742515',0.00,0,0.00),(158,'The Salmon of Doubt (Dirk Gently  #3)','2005-04-26','9780345455291',2.00,1,2.00),(159,'Wish You Were Here: The Official Biography of Douglas Adams','2005-12-27','9780345476517',0.00,0,0.00),(160,'Douglas Adams\'s Starship Titanic','1998-10-27','9780345368430',4.00,1,4.00),(161,'Salmon of Doubt: Hitchhiking the Galaxy One Last Time','2003-07-01','9781417622856',0.00,0,0.00),(162,'The Phantom Tollbooth: A Children\'s Play in Two Acts','2011-01-12','9780573650963',3.00,1,3.00),(163,'On Bullshit','2005-01-30','9780691122946',0.00,0,0.00),(164,'Another Bullshit Night in Suck City','2005-09-12','9780393329407',0.00,0,0.00),(165,'Lincoln at Gettysburg: The Words That Remade America','1993-06-12','9780671867423',1.00,1,1.00),(166,'The Gettysburg Address','1998-02-02','9780395883976',0.00,0,0.00),(167,'Underworld','1998-07-09','9780684848150',0.00,0,0.00),(168,'Libra','1991-05-01','9780140156041',0.00,0,0.00),(169,'Americana','1989-07-06','9780140119480',0.00,0,0.00),(170,'Running Dog','1989-07-17','9780679722946',0.00,0,0.00),(171,'Cosmopolis','2004-04-06','9780743244251',0.00,0,0.00),(172,'Great Jones Street','1994-01-01','9780140179170',0.00,0,0.00),(173,'The Names','1989-07-17','9780679722953',5.00,1,5.00),(174,'Against the Day','2006-11-21','9781594201202',2.00,1,2.00),(175,'V.','2005-07-05','9780060930219',2.50,2,5.00),(176,'The Crying of Lot 49','1999-04-01','9780060931674',0.00,0,0.00),(177,'Gravity\'s Rainbow','2000-01-01','9780140283389',0.00,0,0.00),(178,'Mason & Dixon','2004-01-03','9780312423209',3.00,2,6.00),(179,'Vineland','1997-09-01','9780141180632',0.00,0,0.00),(180,'Gravity\'s Rainbow','2006-10-31','9780143039945',4.50,2,9.00),(181,'Slow Learner: Early Stories','1985-04-30','9780316724432',0.00,0,0.00),(182,'Been Down So Long It Looks Like Up To Me','1996-08-29','9780140189308',1.00,1,1.00),(183,'The Year of Magical Thinking','2005-10-04','9781400043149',0.00,0,0.00),(184,'The White Album','1990-10-01','9780374522216',5.00,1,5.00),(185,'A Book of Common Prayer','1995-04-11','9780679754862',0.00,0,0.00),(186,'Where I Was From','2004-09-14','9780679752868',0.00,0,0.00),(187,'Slouching Towards Bethlehem','1990-10-01','9780374521721',0.00,0,0.00),(188,'Democracy','1995-04-25','9780679754855',1.50,2,3.00),(189,'We Tell Ourselves Stories in Order to Live: Collected Nonfiction','2006-10-17','9780307264879',2.00,1,2.00),(190,'Play It As It Lays','2005-11-15','9780374529949',0.00,0,0.00),(191,'The New York Trilogy','2006-03-28','9780143039839',0.00,0,0.00),(192,'City of Glass (The New York Trilogy  #1)','1987-04-07','9780140097313',0.00,0,0.00),(193,'Ghosts (The New York Trilogy  #2)','1987-07-07','9780140097351',0.00,0,0.00),(194,'The Locked Room (The New York Trilogy  #3)','1986-11-01','9780940650763',0.00,0,0.00),(195,'Pyramids of Montauk: Explorations in Consciousness','1995-01-01','9780963188922',0.00,0,0.00),(196,'The Brooklyn Follies','2006-10-17','9780312426231',0.00,0,0.00),(197,'Moon Palace','1990-04-01','9780140115857',0.00,0,0.00),(198,'The Music of Chance','1991-12-01','9780140154078',3.00,1,3.00),(199,'Travels in the Scriptorium','2007-01-23','9780805081459',0.00,0,0.00),(200,'Leviathan','1993-09-01','9780140178135',3.00,1,3.00),(201,'Funny Story','2024-03-24','9780593441213',0.00,0,0.00),(202,'TryBook','2020-04-30','9780345453742',0.00,0,0.00),(205,'TryBook13','2025-04-11','9780679754867',0.00,0,0.00),(206,'TryBook15','2025-04-11','9780679754868',0.00,0,0.00);
/*!40000 ALTER TABLE `books` ENABLE KEYS */;
UNLOCK TABLES;

--
-- Table structure for table `genres`
--

DROP TABLE IF EXISTS `genres`;
/*!40101 SET @saved_cs_client     = @@character_set_client */;
/*!50503 SET character_set_client = utf8mb4 */;
CREATE TABLE `genres` (
  `genre_id` int NOT NULL AUTO_INCREMENT,
  `genre_name` varchar(45) NOT NULL,
  PRIMARY KEY (`genre_id`),
  UNIQUE KEY `genre_name_UNIQUE` (`genre_name`)
) ENGINE=InnoDB AUTO_INCREMENT=246 DEFAULT CHARSET=utf8mb4 COLLATE=utf8mb4_0900_ai_ci;
/*!40101 SET character_set_client = @saved_cs_client */;

--
-- Dumping data for table `genres`
--

LOCK TABLES `genres` WRITE;
/*!40000 ALTER TABLE `genres` DISABLE KEYS */;
INSERT INTO `genres` VALUES (2,'17th Century'),(3,'19th Century'),(4,'20th Century'),(5,'21st Century'),(6,'Academic'),(7,'Adult'),(8,'Adult Fiction'),(9,'Adventure'),(10,'Africa'),(11,'African American'),(12,'Aliens'),(13,'American'),(14,'American Civil War'),(15,'American History'),(16,'Americana'),(17,'Animals'),(18,'Anthologies'),(19,'Anthropology'),(20,'Art'),(21,'Asia'),(22,'Asian Literature'),(23,'Astronomy'),(24,'Audiobook'),(25,'Australia'),(26,'Autobiography'),(27,'Banned Books'),(28,'Beading'),(29,'Biography'),(30,'Biography Memoir'),(31,'Book Club'),(32,'Books About Books'),(33,'British Literature'),(34,'Business'),(35,'Chapter Books'),(36,'Chick Lit'),(37,'Childrens'),(38,'Childrens Classics'),(39,'Christian'),(40,'Christian Living'),(41,'Christian Non Fiction'),(42,'Christianity'),(43,'Civil War'),(44,'Classic Literature'),(45,'Classics'),(46,'Clean Romance'),(47,'Coding'),(48,'Collections'),(49,'College'),(50,'Comedy'),(51,'Coming Of Age'),(52,'Computer Science'),(53,'Computers'),(54,'Conspiracy Theories'),(55,'Contemporary'),(56,'Cookbooks'),(57,'Counter Culture'),(58,'Crafts'),(59,'Crime'),(60,'Criticism'),(61,'Cultural'),(62,'Culture'),(63,'Currency'),(64,'Death'),(65,'Detective'),(66,'Dictionaries'),(67,'Drama'),(68,'Eastern Africa'),(69,'Economics'),(70,'Education'),(71,'Engineering'),(72,'Environment'),(73,'Epic'),(74,'Epic Fantasy'),(75,'Erotic Romance'),(76,'Erotica'),(77,'Espionage'),(78,'Essays'),(79,'European Literature'),(80,'Fae'),(81,'Fairies'),(82,'Fairy Tales'),(83,'Faith'),(84,'Family'),(85,'Fantasy'),(86,'Feminism'),(87,'Fiction'),(88,'Film'),(89,'Finance'),(90,'Food'),(91,'Food and Drink'),(92,'France'),(93,'French Literature'),(94,'Games'),(95,'Geography'),(96,'Geology'),(97,'German Literature'),(98,'Gothic'),(99,'Greece'),(100,'Hard Boiled'),(101,'Health'),(102,'High Fantasy'),(103,'Historical'),(104,'Historical Fiction'),(105,'Historical Mystery'),(106,'Historical Romance'),(107,'History'),(108,'History Of Science'),(109,'Horror'),(110,'How To'),(111,'Humanities'),(112,'Humor'),(113,'India'),(114,'Indian Literature'),(115,'Inspirational'),(116,'Internet'),(117,'Ireland'),(118,'Irish Literature'),(119,'Jewellery'),(120,'Jewellery Making'),(121,'Journalism'),(122,'Juvenile'),(123,'Kenya'),(125,'Language'),(126,'Latin American'),(127,'Leadership'),(128,'Lebanon'),(124,'LGBT'),(129,'Linguistics'),(130,'Literary Criticism'),(131,'Literary Fiction'),(132,'Literature'),(133,'Magic'),(134,'Magical Realism'),(135,'Media Tie In'),(136,'Medical'),(137,'Medicine'),(138,'Medieval'),(139,'Memoir'),(140,'Mental Health'),(141,'Mental Illness'),(142,'Mermaids'),(143,'Middle Grade'),(144,'Military'),(145,'Military Fiction'),(146,'Military History'),(147,'Modern'),(148,'Modern Classics'),(149,'Money'),(150,'Motorcycle'),(151,'Motorcycling'),(152,'Music'),(153,'Mystery'),(154,'Mystery Thriller'),(155,'Mythology'),(156,'Natural History'),(157,'Nature'),(158,'New York'),(159,'Noir'),(160,'Nonfiction'),(161,'North American Hi...'),(162,'Novels'),(163,'Own'),(164,'Paranormal'),(165,'Paranormal Romance'),(166,'Parenting'),(167,'Performing Arts'),(168,'Philosophy'),(169,'Physics'),(170,'Picture Books'),(171,'Pirates'),(172,'Plays'),(173,'Poetry'),(174,'Politics'),(175,'Popular Science'),(176,'Presidents'),(177,'Productivity'),(178,'Programming'),(179,'Pseudoscience'),(180,'Psychology'),(181,'Race'),(182,'Read For School'),(183,'Realistic Fiction'),(184,'Reference'),(185,'Regency'),(186,'Religion'),(187,'Role Playing Games'),(188,'Roman'),(189,'Romance'),(190,'Russia'),(191,'Russian Literature'),(192,'School'),(193,'Science'),(194,'Science Fiction'),(195,'Science Fiction Fantasy'),(196,'Self Help'),(197,'Sexuality'),(198,'Shapeshifters'),(199,'Short Stories'),(200,'Social Justice'),(201,'Social Movements'),(202,'Social Science'),(203,'Sociology'),(204,'Software'),(205,'South Africa'),(206,'Southern Africa'),(207,'Space'),(208,'Space Opera'),(209,'Spanish Literature'),(210,'Speculative Fiction'),(211,'Spirituality'),(212,'Sports'),(213,'Spy Thriller'),(214,'Steampunk'),(215,'Stuart'),(216,'Supernatural'),(217,'Survival'),(218,'Teaching'),(219,'Technical'),(220,'Technology'),(221,'The United States Of America'),(222,'Theatre'),(223,'Theology'),(224,'Thriller'),(225,'Time Travel'),(226,'Transport'),(227,'Travel'),(228,'Travelogue'),(229,'True Crime'),(245,'TryGenre1'),(230,'Unfinished'),(231,'Urban Fantasy'),(232,'Victorian'),(233,'War'),(234,'Web'),(235,'Wizards'),(236,'Womens'),(237,'Womens Fiction'),(238,'Words'),(239,'World War II'),(240,'Writing'),(241,'Young Adult'),(242,'Young Adult Fantasy');
/*!40000 ALTER TABLE `genres` ENABLE KEYS */;
UNLOCK TABLES;
/*!50003 SET @saved_cs_client      = @@character_set_client */ ;
/*!50003 SET @saved_cs_results     = @@character_set_results */ ;
/*!50003 SET @saved_col_connection = @@collation_connection */ ;
/*!50003 SET character_set_client  = utf8mb4 */ ;
/*!50003 SET character_set_results = utf8mb4 */ ;
/*!50003 SET collation_connection  = utf8mb4_0900_ai_ci */ ;
/*!50003 SET @saved_sql_mode       = @@sql_mode */ ;
/*!50003 SET sql_mode              = 'ONLY_FULL_GROUP_BY,STRICT_TRANS_TABLES,NO_ZERO_IN_DATE,NO_ZERO_DATE,ERROR_FOR_DIVISION_BY_ZERO,NO_ENGINE_SUBSTITUTION' */ ;
DELIMITER ;;
/*!50003 CREATE*/ /*!50017 DEFINER=`root`@`localhost`*/ /*!50003 TRIGGER `BeforeDeleteGenre` BEFORE DELETE ON `genres` FOR EACH ROW BEGIN
    -- Prevent deletion if the genre is assigned to any book
    IF (SELECT COUNT(*) FROM book_genre_assignment WHERE genre_id = OLD.genre_id) > 0 THEN
        SIGNAL SQLSTATE '45000'
        SET MESSAGE_TEXT = 'Cannot delete genre: It is assigned to one or more books';
    END IF;
END */;;
DELIMITER ;
/*!50003 SET sql_mode              = @saved_sql_mode */ ;
/*!50003 SET character_set_client  = @saved_cs_client */ ;
/*!50003 SET character_set_results = @saved_cs_results */ ;
/*!50003 SET collation_connection  = @saved_col_connection */ ;

--
-- Table structure for table `reviews`
--

DROP TABLE IF EXISTS `reviews`;
/*!40101 SET @saved_cs_client     = @@character_set_client */;
/*!50503 SET character_set_client = utf8mb4 */;
CREATE TABLE `reviews` (
  `review_id` int NOT NULL AUTO_INCREMENT,
  `book_id` int DEFAULT NULL,
  `user_id` int DEFAULT NULL,
  `rating` tinyint NOT NULL,
  `review_comment` longtext,
  `created_at` timestamp NULL DEFAULT CURRENT_TIMESTAMP,
  `updated_at` timestamp NULL DEFAULT CURRENT_TIMESTAMP ON UPDATE CURRENT_TIMESTAMP,
  PRIMARY KEY (`review_id`),
  UNIQUE KEY `unique_user_book_review` (`book_id`,`user_id`),
  KEY `book_id_fk_idx` (`book_id`),
  KEY `user_id_idx` (`user_id`),
  CONSTRAINT `book_id_fk` FOREIGN KEY (`book_id`) REFERENCES `books` (`book_id`) ON DELETE RESTRICT ON UPDATE CASCADE,
  CONSTRAINT `user_id` FOREIGN KEY (`user_id`) REFERENCES `users` (`user_id`) ON DELETE RESTRICT ON UPDATE CASCADE
) ENGINE=InnoDB AUTO_INCREMENT=1006 DEFAULT CHARSET=utf8mb4 COLLATE=utf8mb4_0900_ai_ci;
/*!40101 SET character_set_client = @saved_cs_client */;

--
-- Dumping data for table `reviews`
--

LOCK TABLES `reviews` WRITE;
/*!40000 ALTER TABLE `reviews` DISABLE KEYS */;
INSERT INTO `reviews` VALUES (1,21,22,5,'Well written and engaging.','2025-02-14 14:49:58','2025-03-17 05:56:41'),(2,99,13,5,'Loved the storyline!','2025-02-14 14:49:58','2025-03-16 07:02:28'),(3,175,19,1,'Not as good as I expected.','2025-02-14 14:49:58','2025-03-16 06:59:22'),(4,162,10,3,'A decent read but not my favorite.','2025-02-14 14:49:58','2025-03-16 06:59:22'),(5,149,3,5,'Loved the storyline!','2025-02-14 14:49:58','2025-03-16 06:59:22'),(6,6,23,4,'Loved the storyline!','2025-02-14 14:49:58','2025-03-16 06:59:22'),(7,107,22,2,'A decent read but not my favorite.','2025-02-14 14:49:58','2025-03-16 06:59:22'),(8,74,9,4,'Interesting plot twists.','2025-02-14 14:49:58','2025-03-16 06:59:22'),(9,165,21,1,'A solid 4-star read.','2025-02-14 14:49:58','2025-03-16 06:59:22'),(10,147,21,2,'A decent read but not my favorite.','2025-02-14 14:49:58','2025-03-16 06:59:22'),(11,189,13,2,'Well written and engaging.','2025-02-14 14:49:58','2025-03-16 06:59:22'),(12,70,21,1,'A decent read but not my favorite.','2025-02-14 14:49:58','2025-03-16 06:59:22'),(13,5,4,3,'Not as good as I expected.','2025-02-14 14:49:58','2025-03-16 06:59:22'),(14,59,14,3,'A decent read but not my favorite.','2025-02-14 14:49:58','2025-03-16 06:59:22'),(15,144,2,3,'A solid 4-star read.','2025-02-14 14:49:58','2025-03-16 06:59:22'),(16,149,10,4,'A solid 4-star read.','2025-02-14 14:49:58','2025-03-16 06:59:22'),(17,198,27,3,'A solid 4-star read.','2025-02-14 14:49:58','2025-03-16 06:59:22'),(18,73,12,4,'Good but could be better.','2025-02-14 14:49:58','2025-03-16 06:59:22'),(19,99,15,2,'An absolute masterpiece!','2025-02-14 14:49:58','2025-03-16 06:59:22'),(20,93,11,1,'Would read again.','2025-02-14 14:49:58','2025-03-16 06:59:22'),(21,48,13,3,'Would read again.','2025-02-14 14:49:58','2025-03-16 06:59:22'),(22,124,20,3,'Not as good as I expected.','2025-02-14 14:49:58','2025-03-16 06:59:22'),(23,137,28,5,'A solid 4-star read.','2025-02-14 14:49:58','2025-03-16 06:59:22'),(24,77,24,5,'Well written and engaging.','2025-02-14 14:49:58','2025-03-16 06:59:22'),(25,52,17,4,'An absolute masterpiece!','2025-02-14 14:49:58','2025-03-16 06:59:22'),(26,158,18,2,'Loved the storyline!','2025-02-14 14:49:58','2025-03-16 06:59:22'),(27,122,20,3,'An absolute masterpiece!','2025-02-14 14:49:58','2025-03-16 06:59:22'),(28,60,10,2,'Good but could be better.','2025-02-14 14:49:58','2025-03-16 06:59:22'),(29,175,14,4,'Would read again.','2025-02-14 14:49:58','2025-03-16 06:59:22'),(30,50,26,3,'Well written and engaging.','2025-02-14 14:49:58','2025-03-16 06:59:22'),(31,93,19,4,'A solid 4-star read.','2025-02-14 14:49:58','2025-03-16 06:59:22'),(32,31,19,4,'A decent read but not my favorite.','2025-02-14 14:49:58','2025-03-16 06:59:22'),(33,20,27,5,'Interesting plot twists.','2025-02-14 14:49:58','2025-03-16 06:59:22'),(34,101,14,4,'Well written and engaging.','2025-02-14 14:49:58','2025-03-16 06:59:22'),(35,23,26,3,'Well written and engaging.','2025-02-14 14:49:58','2025-03-16 06:59:22'),(36,105,14,2,'Loved the storyline!','2025-02-14 14:49:58','2025-03-16 06:59:22'),(37,95,24,5,'Interesting plot twists.','2025-02-14 14:49:58','2025-03-16 06:59:22'),(38,137,18,1,'Loved the storyline!','2025-02-14 14:49:58','2025-03-16 06:59:22'),(39,143,20,1,'A solid 4-star read.','2025-02-14 14:49:58','2025-03-16 06:59:22'),(40,131,23,2,'Interesting plot twists.','2025-02-14 14:49:58','2025-03-16 06:59:22'),(41,131,12,2,'Good but could be better.','2025-02-14 14:49:58','2025-03-16 06:59:22'),(42,141,2,1,'Loved the storyline!','2025-02-14 14:49:58','2025-03-16 06:59:22'),(43,74,22,5,'Would read again.','2025-02-14 14:49:58','2025-03-16 06:59:22'),(44,178,25,1,'Interesting plot twists.','2025-02-14 14:49:58','2025-03-16 06:59:22'),(45,96,9,4,'Well written and engaging.','2025-02-14 14:49:58','2025-03-16 06:59:22'),(46,15,7,2,'Not as good as I expected.','2025-02-14 14:49:58','2025-03-16 06:59:22'),(47,156,15,3,'Well written and engaging.','2025-02-14 14:49:58','2025-03-16 06:59:22'),(48,180,9,5,'An absolute masterpiece!','2025-02-14 14:49:58','2025-03-16 06:59:22'),(49,188,25,2,'Good but could be better.','2025-02-14 14:49:58','2025-03-16 06:59:22'),(50,12,4,3,'Not as good as I expected.','2025-02-14 14:49:58','2025-03-16 06:59:22'),(51,47,18,1,'A decent read but not my favorite.','2025-02-14 14:49:58','2025-03-16 06:59:22'),(52,160,14,4,'A decent read but not my favorite.','2025-02-14 14:49:58','2025-03-16 06:59:22'),(53,102,21,2,'Well written and engaging.','2025-02-14 14:49:58','2025-03-16 06:59:22'),(54,14,16,2,'Good but could be better.','2025-02-14 14:49:58','2025-03-16 06:59:22'),(55,136,28,3,'An absolute masterpiece!','2025-02-14 14:49:58','2025-03-16 06:59:22'),(56,145,22,5,'Not as good as I expected.','2025-02-14 14:49:58','2025-03-16 06:59:22'),(57,44,2,5,'An absolute masterpiece!','2025-02-14 14:49:58','2025-03-16 06:59:22'),(58,155,4,3,'A decent read but not my favorite.','2025-02-14 14:49:58','2025-03-16 06:59:22'),(59,145,5,4,'Loved the storyline!','2025-02-14 14:49:58','2025-03-16 06:59:22'),(60,143,22,2,'Well written and engaging.','2025-02-14 14:49:58','2025-03-16 06:59:22'),(61,69,4,5,'An absolute masterpiece!','2025-02-14 14:49:58','2025-03-16 06:59:22'),(62,101,21,3,'Well written and engaging.','2025-02-14 14:49:58','2025-03-16 06:59:22'),(63,106,3,4,'A solid 4-star read.','2025-02-14 14:49:58','2025-03-16 06:59:22'),(64,182,20,1,'Amazing book! Highly recommended.','2025-02-14 14:49:58','2025-03-16 06:59:22'),(65,2,8,4,'Amazing book! Highly recommended.','2025-02-14 14:49:58','2025-03-16 06:59:22'),(66,174,1,2,'Amazing book! Highly recommended.','2025-02-14 14:49:58','2025-03-16 06:59:22'),(67,188,12,1,'Amazing book! Highly recommended.','2025-02-14 14:49:58','2025-03-16 06:59:22'),(68,138,2,1,'Interesting plot twists.','2025-02-14 14:49:58','2025-03-16 06:59:22'),(69,119,4,1,'Good but could be better.','2025-02-14 14:49:58','2025-03-16 06:59:22'),(70,89,18,3,'A decent read but not my favorite.','2025-02-14 14:49:58','2025-03-16 06:59:22'),(71,74,21,4,'A solid 4-star read.','2025-02-14 14:49:58','2025-03-16 06:59:22'),(72,117,9,5,'Good but could be better.','2025-02-14 14:49:58','2025-03-16 06:59:22'),(73,127,12,2,'A decent read but not my favorite.','2025-02-14 14:49:58','2025-03-16 06:59:22'),(74,111,21,4,'Good but could be better.','2025-02-14 14:49:58','2025-03-16 06:59:22'),(75,7,13,4,'A decent read but not my favorite.','2025-02-14 14:49:58','2025-03-16 06:59:22'),(76,26,7,3,'A solid 4-star read.','2025-02-14 14:49:58','2025-03-16 06:59:22'),(77,144,17,5,'Well written and engaging.','2025-02-14 14:49:58','2025-03-16 06:59:22'),(78,148,5,1,'A decent read but not my favorite.','2025-02-14 14:49:58','2025-03-16 06:59:22'),(79,106,2,4,'An absolute masterpiece!','2025-02-14 14:49:58','2025-03-16 06:59:22'),(80,14,8,1,'An absolute masterpiece!','2025-02-14 14:49:58','2025-03-16 06:59:22'),(81,127,9,5,'Well written and engaging.','2025-02-14 14:49:58','2025-03-16 06:59:22'),(82,178,14,5,'Good but could be better.','2025-02-14 14:49:58','2025-03-16 06:59:22'),(83,74,23,1,'Good but could be better.','2025-02-14 14:49:58','2025-03-16 06:59:22'),(84,98,9,3,'Well written and engaging.','2025-02-14 14:49:58','2025-03-16 06:59:22'),(85,20,23,1,'Interesting plot twists.','2025-02-14 14:49:58','2025-03-16 06:59:22'),(86,173,28,5,'Loved the storyline!','2025-02-14 14:49:58','2025-03-16 06:59:22'),(87,83,23,4,'A decent read but not my favorite.','2025-02-14 14:49:58','2025-03-16 06:59:22'),(88,96,18,1,'Well written and engaging.','2025-02-14 14:49:58','2025-03-16 06:59:22'),(89,101,13,1,'Interesting plot twists.','2025-02-14 14:49:58','2025-03-16 06:59:22'),(90,75,21,1,'Good but could be better.','2025-02-14 14:49:58','2025-03-16 06:59:22'),(91,150,11,2,'A solid 4-star read.','2025-02-14 14:49:58','2025-03-16 06:59:22'),(92,89,15,5,'Interesting plot twists.','2025-02-14 14:49:58','2025-03-16 06:59:22'),(93,118,18,3,'Good but could be better.','2025-02-14 14:49:58','2025-03-16 06:59:22'),(94,184,28,5,'A solid 4-star read.','2025-02-14 14:49:58','2025-03-16 06:59:22'),(95,30,25,4,'Good but could be better.','2025-02-14 14:49:58','2025-03-16 06:59:22'),(96,153,19,3,'Well written and engaging.','2025-02-14 14:49:58','2025-03-16 06:59:22'),(97,9,6,1,'Would read again.','2025-02-14 14:49:58','2025-03-16 06:59:22'),(98,14,3,5,'Interesting plot twists.','2025-02-14 14:49:58','2025-03-16 06:59:22'),(99,200,2,3,'Would read again.','2025-02-14 14:49:58','2025-03-16 06:59:22'),(100,76,17,3,'A decent read but not my favorite.','2025-02-14 14:49:58','2025-03-16 06:59:22'),(103,1,2,2,'An absolute masterpiece!','2025-02-16 16:33:36','2025-03-16 06:59:22'),(104,1,25,1,'Well written and engaging.','2025-02-16 16:33:36','2025-03-16 06:59:22'),(105,1,23,4,'Would read again.','2025-02-16 16:33:36','2025-03-16 06:59:22'),(106,1,5,4,'A decent read but not my favorite.','2025-02-16 16:33:36','2025-03-16 06:59:22'),(107,1,8,1,'A decent read but not my favorite.','2025-02-16 16:33:36','2025-03-16 06:59:22'),(108,1,17,1,'Well written and engaging.','2025-02-16 16:33:36','2025-03-16 06:59:22'),(109,1,19,3,'Good but could be better.','2025-02-16 16:33:36','2025-03-16 06:59:22'),(110,1,18,1,'A solid 4-star read.','2025-02-16 16:33:36','2025-03-16 06:59:22'),(111,1,16,2,'Good but could be better.','2025-02-16 16:33:36','2025-03-16 06:59:22'),(112,1,11,5,'An absolute masterpiece!','2025-02-16 16:33:36','2025-03-16 06:59:22'),(113,1,6,4,'A solid 4-star read.','2025-02-16 16:33:36','2025-03-16 06:59:22'),(114,1,22,2,'An absolute masterpiece!','2025-02-16 16:33:36','2025-03-16 06:59:22'),(115,2,20,3,'A solid 4-star read.','2025-02-16 16:33:36','2025-03-16 06:59:22'),(116,2,13,2,'Interesting plot twists.','2025-02-16 16:33:36','2025-03-16 06:59:22'),(117,2,14,2,'Would read again.','2025-02-16 16:33:36','2025-03-16 06:59:22'),(118,2,15,4,'Loved the storyline!','2025-02-16 16:33:36','2025-03-16 06:59:22'),(119,2,28,4,'A solid 4-star read.','2025-02-16 16:33:36','2025-03-16 06:59:22'),(120,2,17,2,'Not as good as I expected.','2025-02-16 16:33:36','2025-03-16 06:59:22'),(121,2,7,3,'Not as good as I expected.','2025-02-16 16:33:36','2025-03-16 06:59:22'),(122,2,27,1,'A solid 4-star read.','2025-02-16 16:33:36','2025-03-16 06:59:22'),(123,2,21,3,'Amazing book! Highly recommended.','2025-02-16 16:33:36','2025-03-16 06:59:22'),(124,2,16,4,'An absolute masterpiece!','2025-02-16 16:33:36','2025-03-16 06:59:22'),(125,3,28,5,'A decent read but not my favorite.','2025-02-16 16:33:36','2025-03-16 06:59:22'),(126,3,22,3,'Interesting plot twists.','2025-02-16 16:33:36','2025-03-16 06:59:22'),(127,3,15,2,'Well written and engaging.','2025-02-16 16:33:36','2025-03-16 06:59:22'),(128,3,23,3,'Interesting plot twists.','2025-02-16 16:33:36','2025-03-16 06:59:22'),(129,3,1,1,'Not as good as I expected.','2025-02-16 16:33:36','2025-03-16 06:59:22'),(130,3,26,3,'A decent read but not my favorite.','2025-02-16 16:33:36','2025-03-16 06:59:22'),(131,3,10,4,'A solid 4-star read.','2025-02-16 16:33:36','2025-03-16 06:59:22'),(132,3,24,2,'Interesting plot twists.','2025-02-16 16:33:36','2025-03-16 06:59:22'),(133,3,20,4,'A solid 4-star read.','2025-02-16 16:33:36','2025-03-16 06:59:22'),(134,3,18,4,'An absolute masterpiece!','2025-02-16 16:33:36','2025-03-16 06:59:22'),(135,3,13,5,'A decent read but not my favorite.','2025-02-16 16:33:36','2025-03-16 06:59:22'),(136,3,11,1,'Loved the storyline!','2025-02-16 16:33:36','2025-03-16 06:59:22'),(137,3,21,1,'A solid 4-star read.','2025-02-16 16:33:36','2025-03-16 06:59:22'),(138,3,3,2,'Would read again.','2025-02-16 16:33:36','2025-03-16 06:59:22'),(139,4,14,3,'A decent read but not my favorite.','2025-02-16 16:33:36','2025-03-16 06:59:22'),(140,4,24,2,'A decent read but not my favorite.','2025-02-16 16:33:36','2025-03-16 06:59:22'),(141,4,25,4,'Would read again.','2025-02-16 16:33:36','2025-03-16 06:59:22'),(142,4,20,1,'A solid 4-star read.','2025-02-16 16:33:36','2025-03-16 06:59:22'),(143,4,21,3,'A decent read but not my favorite.','2025-02-16 16:33:36','2025-03-16 06:59:22'),(144,4,26,2,'A solid 4-star read.','2025-02-16 16:33:36','2025-03-16 06:59:22'),(145,4,1,5,'Well written and engaging.','2025-02-16 16:33:36','2025-03-16 06:59:22'),(146,4,8,4,'A solid 4-star read.','2025-02-16 16:33:36','2025-03-16 06:59:22'),(147,4,10,5,'Well written and engaging.','2025-02-16 16:33:36','2025-03-16 06:59:22'),(148,4,9,4,'Well written and engaging.','2025-02-16 16:33:36','2025-03-16 06:59:22'),(149,4,28,4,'Amazing book! Highly recommended.','2025-02-16 16:33:36','2025-03-16 06:59:22'),(150,4,12,2,'An absolute masterpiece!','2025-02-16 16:33:36','2025-03-16 06:59:22'),(151,4,18,5,'An absolute masterpiece!','2025-02-16 16:33:36','2025-03-16 06:59:22'),(152,4,6,1,'A decent read but not my favorite.','2025-02-16 16:33:36','2025-03-16 06:59:22'),(153,4,23,3,'Not as good as I expected.','2025-02-16 16:33:36','2025-03-16 06:59:22'),(154,5,20,1,'Well written and engaging.','2025-02-16 16:33:36','2025-03-16 06:59:22'),(155,5,6,2,'Amazing book! Highly recommended.','2025-02-16 16:33:36','2025-03-16 06:59:22'),(156,5,22,5,'An absolute masterpiece!','2025-02-16 16:33:36','2025-03-16 06:59:22'),(157,5,10,5,'A decent read but not my favorite.','2025-02-16 16:33:36','2025-03-16 06:59:22'),(158,5,21,5,'Interesting plot twists.','2025-02-16 16:33:36','2025-03-16 06:59:22'),(159,5,18,5,'A decent read but not my favorite.','2025-02-16 16:33:36','2025-03-16 06:59:22'),(160,5,11,5,'Loved the storyline!','2025-02-16 16:33:36','2025-03-16 06:59:22'),(161,5,19,5,'A decent read but not my favorite.','2025-02-16 16:33:36','2025-03-16 06:59:22'),(162,5,27,4,'Well written and engaging.','2025-02-16 16:33:36','2025-03-16 06:59:22'),(163,5,7,5,'An absolute masterpiece!','2025-02-16 16:33:36','2025-03-16 06:59:22'),(164,5,3,2,'An absolute masterpiece!','2025-02-16 16:33:36','2025-03-16 06:59:22'),(165,5,14,1,'Not as good as I expected.','2025-02-16 16:33:36','2025-03-16 06:59:22'),(166,6,28,2,'Not as good as I expected.','2025-02-16 16:33:36','2025-03-16 06:59:22'),(167,6,12,3,'Amazing book! Highly recommended.','2025-02-16 16:33:36','2025-03-16 06:59:22'),(168,6,7,4,'Interesting plot twists.','2025-02-16 16:33:36','2025-03-16 06:59:22'),(169,6,27,1,'Amazing book! Highly recommended.','2025-02-16 16:33:36','2025-03-16 06:59:22'),(170,6,20,1,'A solid 4-star read.','2025-02-16 16:33:36','2025-03-16 06:59:22'),(171,6,3,4,'Interesting plot twists.','2025-02-16 16:33:36','2025-03-16 06:59:22'),(172,6,19,5,'A solid 4-star read.','2025-02-16 16:33:36','2025-03-16 06:59:22'),(173,6,1,5,'Well written and engaging.','2025-02-16 16:33:36','2025-03-16 06:59:22'),(174,6,22,3,'A decent read but not my favorite.','2025-02-16 16:33:36','2025-03-16 06:59:22'),(175,6,24,4,'Interesting plot twists.','2025-02-16 16:33:36','2025-03-16 06:59:22'),(176,6,10,2,'An absolute masterpiece!','2025-02-16 16:33:36','2025-03-16 06:59:22'),(177,6,16,1,'Amazing book! Highly recommended.','2025-02-16 16:33:36','2025-03-16 06:59:22'),(178,7,19,3,'An absolute masterpiece!','2025-02-16 16:33:36','2025-03-16 06:59:22'),(179,7,24,5,'Interesting plot twists.','2025-02-16 16:33:36','2025-03-16 06:59:22'),(180,7,28,1,'An absolute masterpiece!','2025-02-16 16:33:36','2025-03-16 06:59:22'),(181,7,2,5,'Not as good as I expected.','2025-02-16 16:33:36','2025-03-16 06:59:22'),(182,7,15,1,'A solid 4-star read.','2025-02-16 16:33:36','2025-03-16 06:59:22'),(183,7,26,4,'Amazing book! Highly recommended.','2025-02-16 16:33:36','2025-03-16 06:59:22'),(184,7,8,1,'A solid 4-star read.','2025-02-16 16:33:36','2025-03-16 06:59:22'),(185,7,18,3,'Good but could be better.','2025-02-16 16:33:36','2025-03-16 06:59:22'),(186,7,12,3,'An absolute masterpiece!','2025-02-16 16:33:36','2025-03-16 06:59:22'),(187,7,6,2,'Good but could be better.','2025-02-16 16:33:36','2025-03-16 06:59:22'),(188,7,5,5,'A decent read but not my favorite.','2025-02-16 16:33:36','2025-03-16 06:59:22'),(189,8,3,4,'A decent read but not my favorite.','2025-02-16 16:33:36','2025-03-16 06:59:22'),(190,8,21,4,'An absolute masterpiece!','2025-02-16 16:33:36','2025-03-16 06:59:22'),(191,8,5,3,'Would read again.','2025-02-16 16:33:36','2025-03-16 06:59:22'),(192,8,11,4,'Would read again.','2025-02-16 16:33:36','2025-03-16 06:59:22'),(193,8,7,5,'A solid 4-star read.','2025-02-16 16:33:36','2025-03-16 06:59:22'),(194,8,13,5,'An absolute masterpiece!','2025-02-16 16:33:36','2025-03-16 06:59:22'),(195,8,10,4,'Well written and engaging.','2025-02-16 16:33:36','2025-03-16 06:59:22'),(196,8,22,5,'Not as good as I expected.','2025-02-16 16:33:36','2025-03-16 06:59:22'),(197,8,16,5,'Loved the storyline!','2025-02-16 16:33:36','2025-03-16 06:59:22'),(198,8,25,5,'Loved the storyline!','2025-02-16 16:33:36','2025-03-16 06:59:22'),(199,8,23,1,'Good but could be better.','2025-02-16 16:33:36','2025-03-16 06:59:22'),(200,8,27,3,'Loved the storyline!','2025-02-16 16:33:36','2025-03-16 06:59:22'),(201,8,9,1,'Amazing book! Highly recommended.','2025-02-16 16:33:36','2025-03-16 06:59:22'),(202,8,28,1,'Well written and engaging.','2025-02-16 16:33:36','2025-03-16 06:59:22'),(203,9,17,2,'Not as good as I expected.','2025-02-16 16:33:36','2025-03-16 06:59:22'),(204,9,11,3,'An absolute masterpiece!','2025-02-16 16:33:36','2025-03-16 06:59:22'),(205,9,22,1,'Amazing book! Highly recommended.','2025-02-16 16:33:36','2025-03-16 06:59:22'),(206,9,12,5,'Would read again.','2025-02-16 16:33:36','2025-03-16 06:59:22'),(207,9,1,4,'Well written and engaging.','2025-02-16 16:33:36','2025-03-16 06:59:22'),(208,9,15,5,'Well written and engaging.','2025-02-16 16:33:36','2025-03-16 06:59:22'),(209,9,25,1,'Amazing book! Highly recommended.','2025-02-16 16:33:36','2025-03-16 06:59:22'),(210,9,27,5,'Loved the storyline!','2025-02-16 16:33:36','2025-03-16 06:59:22'),(211,9,4,5,'Good but could be better.','2025-02-16 16:33:36','2025-03-16 06:59:22'),(212,9,20,5,'A decent read but not my favorite.','2025-02-16 16:33:36','2025-03-16 06:59:22'),(213,9,21,5,'Would read again.','2025-02-16 16:33:36','2025-03-16 06:59:22'),(214,9,24,4,'A solid 4-star read.','2025-02-16 16:33:36','2025-03-16 06:59:22'),(215,10,17,3,'Interesting plot twists.','2025-02-16 16:33:36','2025-03-16 06:59:22'),(216,10,12,3,'An absolute masterpiece!','2025-02-16 16:33:36','2025-03-16 06:59:22'),(217,10,26,2,'A solid 4-star read.','2025-02-16 16:33:36','2025-03-16 06:59:22'),(218,10,24,4,'Amazing book! Highly recommended.','2025-02-16 16:33:36','2025-03-16 06:59:22'),(219,10,19,5,'Loved the storyline!','2025-02-16 16:33:36','2025-03-16 06:59:22'),(220,10,2,2,'An absolute masterpiece!','2025-02-16 16:33:36','2025-03-16 06:59:22'),(221,10,13,3,'Loved the storyline!','2025-02-16 16:33:36','2025-03-16 06:59:22'),(222,10,16,4,'A solid 4-star read.','2025-02-16 16:33:36','2025-03-16 06:59:22'),(223,10,27,2,'Amazing book! Highly recommended.','2025-02-16 16:33:36','2025-03-16 06:59:22'),(224,10,20,4,'An absolute masterpiece!','2025-02-16 16:33:36','2025-03-16 06:59:22'),(225,10,5,3,'Well written and engaging.','2025-02-16 16:33:36','2025-03-16 06:59:22'),(226,10,15,1,'Not as good as I expected.','2025-02-16 16:33:36','2025-03-16 06:59:22'),(227,11,18,1,'Not as good as I expected.','2025-02-16 16:33:36','2025-03-16 06:59:22'),(228,11,17,4,'Not as good as I expected.','2025-02-16 16:33:36','2025-03-16 06:59:22'),(229,11,23,2,'An absolute masterpiece!','2025-02-16 16:33:36','2025-03-16 06:59:22'),(230,11,15,1,'Amazing book! Highly recommended.','2025-02-16 16:33:36','2025-03-16 06:59:22'),(231,11,9,4,'A solid 4-star read.','2025-02-16 16:33:36','2025-03-16 06:59:22'),(232,11,20,1,'Good but could be better.','2025-02-16 16:33:36','2025-03-16 06:59:22'),(233,11,27,4,'Good but could be better.','2025-02-16 16:33:36','2025-03-16 06:59:22'),(234,11,24,1,'Loved the storyline!','2025-02-16 16:33:36','2025-03-16 06:59:22'),(235,11,6,2,'An absolute masterpiece!','2025-02-16 16:33:36','2025-03-16 06:59:22'),(236,11,2,1,'Well written and engaging.','2025-02-16 16:33:36','2025-03-16 06:59:22'),(237,11,26,3,'Loved the storyline!','2025-02-16 16:33:36','2025-03-16 06:59:22'),(238,11,4,5,'Amazing book! Highly recommended.','2025-02-16 16:33:36','2025-03-16 06:59:22'),(239,11,1,2,'Not as good as I expected.','2025-02-16 16:33:36','2025-03-16 06:59:22'),(240,11,3,2,'Loved the storyline!','2025-02-16 16:33:36','2025-03-16 06:59:22'),(241,11,7,1,'Interesting plot twists.','2025-02-16 16:33:36','2025-03-16 06:59:22'),(242,12,9,5,'Not as good as I expected.','2025-02-16 16:33:36','2025-04-03 04:11:04'),(243,12,21,5,'Loved the storyline!','2025-02-16 16:33:36','2025-03-16 06:59:22'),(244,12,18,5,'An absolute masterpiece!','2025-02-16 16:33:36','2025-03-16 06:59:22'),(245,12,17,5,'Amazing book! Highly recommended.','2025-02-16 16:33:36','2025-03-16 06:59:22'),(246,12,1,5,'Interesting plot twists.','2025-02-16 16:33:36','2025-04-03 04:11:04'),(247,12,26,5,'Not as good as I expected.','2025-02-16 16:33:36','2025-04-03 04:11:04'),(248,12,22,5,'Good but could be better.','2025-02-16 16:33:36','2025-04-03 04:40:43'),(249,12,20,4,'Would read again.','2025-02-16 16:33:36','2025-04-03 04:11:04'),(250,12,12,3,'Would read again.','2025-02-16 16:33:36','2025-03-16 06:59:22'),(251,12,8,3,'Interesting plot twists.','2025-02-16 16:33:36','2025-03-16 06:59:22'),(252,12,13,4,'An absolute masterpiece!','2025-02-16 16:33:36','2025-04-03 04:11:04'),(253,12,28,4,'Loved the storyline!','2025-02-16 16:33:36','2025-03-16 06:59:22'),(254,12,10,5,'A solid 4-star read.','2025-02-16 16:33:36','2025-04-03 04:40:43'),(255,12,19,4,'Well written and engaging.','2025-02-16 16:33:36','2025-03-16 06:59:22'),(256,13,12,3,'Interesting plot twists.','2025-02-16 16:33:36','2025-03-16 06:59:22'),(257,13,14,2,'Good but could be better.','2025-02-16 16:33:36','2025-03-16 06:59:22'),(258,13,6,5,'Good but could be better.','2025-02-16 16:33:36','2025-03-16 06:59:22'),(259,13,9,2,'A solid 4-star read.','2025-02-16 16:33:36','2025-03-16 06:59:22'),(260,13,19,4,'Would read again.','2025-02-16 16:33:36','2025-03-16 06:59:22'),(261,13,24,2,'Not as good as I expected.','2025-02-16 16:33:36','2025-03-16 06:59:22'),(262,13,25,3,'Would read again.','2025-02-16 16:33:36','2025-03-16 06:59:22'),(263,13,17,4,'A solid 4-star read.','2025-02-16 16:33:36','2025-03-16 06:59:22'),(264,13,21,1,'Interesting plot twists.','2025-02-16 16:33:36','2025-03-16 06:59:22'),(265,13,26,3,'Not as good as I expected.','2025-02-16 16:33:36','2025-03-16 06:59:22'),(266,13,8,4,'Good but could be better.','2025-02-16 16:33:36','2025-03-16 06:59:22'),(267,13,4,5,'Amazing book! Highly recommended.','2025-02-16 16:33:36','2025-05-09 07:26:00'),(268,13,13,3,'A decent read but not my favorite.','2025-02-16 16:33:36','2025-03-16 06:59:22'),(269,14,11,4,'Good but could be better.','2025-02-16 16:33:36','2025-03-16 06:59:22'),(270,14,19,1,'Interesting plot twists.','2025-02-16 16:33:36','2025-03-16 06:59:22'),(271,14,12,3,'An absolute masterpiece!','2025-02-16 16:33:36','2025-03-16 06:59:22'),(272,14,27,1,'An absolute masterpiece!','2025-02-16 16:33:36','2025-03-16 06:59:22'),(273,14,14,2,'Would read again.','2025-02-16 16:33:36','2025-03-16 06:59:22'),(274,14,5,4,'Amazing book! Highly recommended.','2025-02-16 16:33:36','2025-03-16 06:59:22'),(275,14,7,2,'Amazing book! Highly recommended.','2025-02-16 16:33:36','2025-03-16 06:59:22'),(276,14,2,3,'Well written and engaging.','2025-02-16 16:33:36','2025-03-16 06:59:22'),(277,14,9,2,'Amazing book! Highly recommended.','2025-02-16 16:33:36','2025-03-16 06:59:22'),(278,14,18,5,'A solid 4-star read.','2025-02-16 16:33:36','2025-03-16 06:59:22'),(279,14,25,3,'Not as good as I expected.','2025-02-16 16:33:36','2025-03-16 06:59:22'),(280,14,17,4,'Amazing book! Highly recommended.','2025-02-16 16:33:36','2025-03-16 06:59:22'),(281,14,10,4,'A decent read but not my favorite.','2025-02-16 16:33:36','2025-03-16 06:59:22'),(282,15,15,1,'An absolute masterpiece!','2025-02-16 16:33:36','2025-03-16 06:59:22'),(283,15,2,3,'An absolute masterpiece!','2025-02-16 16:33:36','2025-03-16 06:59:22'),(284,15,3,5,'Loved the storyline!','2025-02-16 16:33:36','2025-03-16 06:59:22'),(285,15,27,5,'Loved the storyline!','2025-02-16 16:33:36','2025-03-16 06:59:22'),(286,15,20,3,'Loved the storyline!','2025-02-16 16:33:36','2025-03-16 06:59:22'),(287,15,16,5,'Interesting plot twists.','2025-02-16 16:33:36','2025-03-16 06:59:22'),(288,15,13,2,'A decent read but not my favorite.','2025-02-16 16:33:36','2025-03-16 06:59:22'),(289,15,18,5,'A decent read but not my favorite.','2025-02-16 16:33:36','2025-03-16 06:59:22'),(290,15,10,4,'Good but could be better.','2025-02-16 16:33:36','2025-03-16 06:59:22'),(291,15,19,1,'Well written and engaging.','2025-02-16 16:33:36','2025-03-16 06:59:22'),(292,16,12,2,'A solid 4-star read.','2025-02-16 16:33:36','2025-03-16 06:59:22'),(293,16,6,5,'Amazing book! Highly recommended.','2025-02-16 16:33:36','2025-03-16 06:59:22'),(294,16,2,4,'Well written and engaging.','2025-02-16 16:33:36','2025-03-16 06:59:22'),(295,16,25,5,'Amazing book! Highly recommended.','2025-02-16 16:33:36','2025-03-16 06:59:22'),(296,16,9,3,'Good but could be better.','2025-02-16 16:33:36','2025-03-16 06:59:22'),(297,16,8,5,'Would read again.','2025-02-16 16:33:36','2025-03-16 06:59:22'),(298,16,5,2,'A decent read but not my favorite.','2025-02-16 16:33:36','2025-03-16 06:59:22'),(299,16,16,1,'Loved the storyline!','2025-02-16 16:33:36','2025-03-16 06:59:22'),(300,16,22,4,'A solid 4-star read.','2025-02-16 16:33:36','2025-03-16 06:59:22'),(301,16,1,5,'A decent read but not my favorite.','2025-02-16 16:33:36','2025-03-16 06:59:22'),(302,16,26,3,'Would read again.','2025-02-16 16:33:36','2025-03-16 06:59:22'),(303,16,13,2,'Good but could be better.','2025-02-16 16:33:36','2025-03-16 06:59:22'),(304,16,19,2,'A decent read but not my favorite.','2025-02-16 16:33:36','2025-03-16 06:59:22'),(305,16,24,4,'Would read again.','2025-02-16 16:33:36','2025-03-16 06:59:22'),(306,17,10,5,'Interesting plot twists.','2025-02-16 16:33:36','2025-03-16 06:59:22'),(307,17,22,5,'Good but could be better.','2025-02-16 16:33:36','2025-03-16 06:59:22'),(308,17,24,2,'An absolute masterpiece!','2025-02-16 16:33:36','2025-03-16 06:59:22'),(309,17,7,2,'Would read again.','2025-02-16 16:33:36','2025-03-16 06:59:22'),(310,17,9,1,'Loved the storyline!','2025-02-16 16:33:36','2025-03-16 06:59:22'),(311,17,12,4,'Well written and engaging.','2025-02-16 16:33:36','2025-03-16 06:59:22'),(312,17,19,5,'Not as good as I expected.','2025-02-16 16:33:36','2025-03-16 06:59:22'),(313,17,5,4,'Interesting plot twists.','2025-02-16 16:33:36','2025-03-16 06:59:22'),(314,17,6,2,'Well written and engaging.','2025-02-16 16:33:36','2025-03-16 06:59:22'),(315,17,14,5,'Would read again.','2025-02-16 16:33:36','2025-03-16 06:59:22'),(316,17,8,1,'Amazing book! Highly recommended.','2025-02-16 16:33:36','2025-03-16 06:59:22'),(317,17,11,5,'An absolute masterpiece!','2025-02-16 16:33:36','2025-03-16 06:59:22'),(318,17,17,4,'A decent read but not my favorite.','2025-02-16 16:33:36','2025-03-16 06:59:22'),(319,18,11,3,'A decent read but not my favorite.','2025-02-16 16:33:36','2025-03-16 06:59:22'),(320,18,4,2,'Would read again.','2025-02-16 16:33:36','2025-03-16 06:59:22'),(321,18,3,2,'Interesting plot twists.','2025-02-16 16:33:36','2025-03-16 06:59:22'),(322,18,19,4,'A decent read but not my favorite.','2025-02-16 16:33:36','2025-03-16 06:59:22'),(323,18,1,2,'A decent read but not my favorite.','2025-02-16 16:33:36','2025-03-16 06:59:22'),(324,18,12,2,'Loved the storyline!','2025-02-16 16:33:36','2025-03-16 06:59:22'),(325,18,20,2,'Well written and engaging.','2025-02-16 16:33:36','2025-03-16 06:59:22'),(326,18,16,4,'Would read again.','2025-02-16 16:33:36','2025-03-16 06:59:22'),(327,18,10,3,'Interesting plot twists.','2025-02-16 16:33:36','2025-03-16 06:59:22'),(328,18,24,1,'Amazing book! Highly recommended.','2025-02-16 16:33:36','2025-03-16 06:59:22'),(329,18,2,2,'A solid 4-star read.','2025-02-16 16:33:36','2025-03-16 06:59:22'),(330,18,14,2,'A solid 4-star read.','2025-02-16 16:33:36','2025-03-16 06:59:22'),(331,19,12,3,'A solid 4-star read.','2025-02-16 16:33:36','2025-03-16 06:59:22'),(332,19,13,1,'A solid 4-star read.','2025-02-16 16:33:36','2025-03-16 06:59:22'),(333,19,4,2,'An absolute masterpiece!','2025-02-16 16:33:36','2025-03-16 06:59:22'),(334,19,3,1,'Well written and engaging.','2025-02-16 16:33:36','2025-03-16 06:59:22'),(335,19,26,1,'Not as good as I expected.','2025-02-16 16:33:36','2025-03-16 06:59:22'),(336,19,21,4,'An absolute masterpiece!','2025-02-16 16:33:36','2025-03-16 06:59:22'),(337,19,23,5,'Amazing book! Highly recommended.','2025-02-16 16:33:36','2025-03-16 06:59:22'),(338,19,10,4,'Would read again.','2025-02-16 16:33:36','2025-03-16 06:59:22'),(339,19,19,2,'Interesting plot twists.','2025-02-16 16:33:36','2025-03-16 06:59:22'),(340,19,20,2,'An absolute masterpiece!','2025-02-16 16:33:36','2025-03-16 06:59:22'),(341,19,24,2,'A solid 4-star read.','2025-02-16 16:33:36','2025-03-16 06:59:22'),(342,19,1,5,'A decent read but not my favorite.','2025-02-16 16:33:36','2025-03-16 06:59:22'),(343,20,17,1,'A decent read but not my favorite.','2025-02-16 16:33:36','2025-03-16 06:59:22'),(344,20,15,3,'Would read again.','2025-02-16 16:33:36','2025-03-16 06:59:22'),(345,20,6,1,'Loved the storyline!','2025-02-16 16:33:36','2025-03-16 06:59:22'),(346,20,16,4,'Would read again.','2025-02-16 16:33:36','2025-03-16 06:59:22'),(347,20,8,2,'Well written and engaging.','2025-02-16 16:33:36','2025-03-16 06:59:22'),(348,20,5,3,'Good but could be better.','2025-02-16 16:33:36','2025-03-16 06:59:22'),(349,20,14,2,'Loved the storyline!','2025-02-16 16:33:36','2025-03-16 06:59:22'),(350,20,26,2,'Well written and engaging.','2025-02-16 16:33:36','2025-03-16 06:59:22'),(351,20,4,1,'Interesting plot twists.','2025-02-16 16:33:36','2025-03-16 06:59:22'),(352,20,7,5,'Not as good as I expected.','2025-02-16 16:33:36','2025-03-16 06:59:22'),(353,20,19,5,'An absolute masterpiece!','2025-02-16 16:33:36','2025-03-16 06:59:22'),(354,20,10,5,'Good but could be better.','2025-02-16 16:33:36','2025-03-16 06:59:22'),(355,20,12,2,'An absolute masterpiece!','2025-02-16 16:33:36','2025-03-16 06:59:22'),(356,20,18,1,'Well written and engaging.','2025-02-16 16:33:36','2025-03-16 06:59:22'),(357,21,21,3,'Loved the storyline!','2025-02-16 16:33:36','2025-03-16 06:59:22'),(358,21,26,5,'A decent read but not my favorite.','2025-02-16 16:33:36','2025-03-16 06:59:22'),(359,21,28,3,'An absolute masterpiece!','2025-02-16 16:33:36','2025-03-16 06:59:22'),(360,21,12,4,'Interesting plot twists.','2025-02-16 16:33:36','2025-03-16 06:59:22'),(361,21,3,5,'Well written and engaging.','2025-02-16 16:33:36','2025-03-16 06:59:22'),(362,21,5,2,'Interesting plot twists.','2025-02-16 16:33:36','2025-03-16 06:59:22'),(363,21,11,4,'Not as good as I expected.','2025-02-16 16:33:36','2025-03-16 06:59:22'),(364,21,13,4,'Amazing book! Highly recommended.','2025-02-16 16:33:36','2025-03-16 06:59:22'),(365,21,20,3,'Would read again.','2025-02-16 16:33:36','2025-03-16 06:59:22'),(366,22,5,4,'A solid 4-star read.','2025-02-16 16:33:36','2025-03-16 06:59:22'),(367,22,3,4,'A decent read but not my favorite.','2025-02-16 16:33:36','2025-03-16 06:59:22'),(368,22,24,2,'Loved the storyline!','2025-02-16 16:33:36','2025-03-16 06:59:22'),(369,22,17,2,'A decent read but not my favorite.','2025-02-16 16:33:36','2025-03-16 06:59:22'),(370,22,27,5,'Interesting plot twists.','2025-02-16 16:33:36','2025-03-16 06:59:22'),(371,22,22,4,'Interesting plot twists.','2025-02-16 16:33:36','2025-03-16 06:59:22'),(372,22,28,3,'Well written and engaging.','2025-02-16 16:33:36','2025-03-16 06:59:22'),(373,22,12,3,'Amazing book! Highly recommended.','2025-02-16 16:33:36','2025-03-16 06:59:22'),(374,22,13,2,'A decent read but not my favorite.','2025-02-16 16:33:36','2025-03-16 06:59:22'),(375,22,23,2,'Good but could be better.','2025-02-16 16:33:36','2025-03-16 06:59:22'),(376,22,4,3,'Amazing book! Highly recommended.','2025-02-16 16:33:36','2025-03-16 06:59:22'),(377,22,10,1,'An absolute masterpiece!','2025-02-16 16:33:36','2025-03-16 06:59:22'),(378,22,14,1,'Would read again.','2025-02-16 16:33:36','2025-03-16 06:59:22'),(379,23,12,4,'Well written and engaging.','2025-02-16 16:33:36','2025-03-16 06:59:22'),(380,23,6,3,'An absolute masterpiece!','2025-02-16 16:33:36','2025-03-16 06:59:22'),(381,23,14,3,'Well written and engaging.','2025-02-16 16:33:36','2025-03-16 06:59:22'),(382,23,11,5,'Not as good as I expected.','2025-02-16 16:33:36','2025-03-16 06:59:22'),(383,23,1,4,'An absolute masterpiece!','2025-02-16 16:33:36','2025-03-16 06:59:22'),(384,23,5,4,'An absolute masterpiece!','2025-02-16 16:33:36','2025-03-16 06:59:22'),(385,23,4,2,'Not as good as I expected.','2025-02-16 16:33:36','2025-03-16 06:59:22'),(386,23,22,3,'Loved the storyline!','2025-02-16 16:33:36','2025-03-16 06:59:22'),(387,23,18,3,'Would read again.','2025-02-16 16:33:36','2025-03-16 06:59:22'),(388,23,27,2,'Not as good as I expected.','2025-02-16 16:33:36','2025-03-16 06:59:22'),(389,23,25,2,'Interesting plot twists.','2025-02-16 16:33:36','2025-03-16 06:59:22'),(390,23,13,3,'A solid 4-star read.','2025-02-16 16:33:36','2025-03-16 06:59:22'),(391,23,9,3,'Good but could be better.','2025-02-16 16:33:36','2025-03-16 06:59:22'),(392,24,22,3,'A solid 4-star read.','2025-02-16 16:33:36','2025-03-16 06:59:22'),(393,24,11,5,'Not as good as I expected.','2025-02-16 16:33:36','2025-03-16 06:59:22'),(394,24,21,3,'A solid 4-star read.','2025-02-16 16:33:36','2025-03-16 06:59:22'),(395,24,17,3,'A decent read but not my favorite.','2025-02-16 16:33:36','2025-03-16 06:59:22'),(396,24,6,5,'Amazing book! Highly recommended.','2025-02-16 16:33:36','2025-03-16 06:59:22'),(397,24,20,1,'Interesting plot twists.','2025-02-16 16:33:36','2025-03-16 06:59:22'),(398,24,26,5,'A decent read but not my favorite.','2025-02-16 16:33:36','2025-03-16 06:59:22'),(399,24,24,4,'Amazing book! Highly recommended.','2025-02-16 16:33:36','2025-03-16 06:59:22'),(400,24,25,5,'Interesting plot twists.','2025-02-16 16:33:36','2025-03-16 06:59:22'),(401,24,15,2,'A solid 4-star read.','2025-02-16 16:33:36','2025-03-16 06:59:22'),(402,24,12,3,'Interesting plot twists.','2025-02-16 16:33:36','2025-03-16 06:59:22'),(403,25,23,1,'An absolute masterpiece!','2025-02-16 16:33:36','2025-03-16 06:59:22'),(404,25,25,3,'Loved the storyline!','2025-02-16 16:33:36','2025-03-16 06:59:22'),(405,25,28,1,'An absolute masterpiece!','2025-02-16 16:33:36','2025-03-16 06:59:22'),(406,25,2,2,'Would read again.','2025-02-16 16:33:36','2025-03-16 06:59:22'),(407,25,19,3,'Not as good as I expected.','2025-02-16 16:33:36','2025-03-16 06:59:22'),(408,25,4,5,'Loved the storyline!','2025-02-16 16:33:36','2025-03-16 06:59:22'),(409,25,26,2,'A solid 4-star read.','2025-02-16 16:33:36','2025-03-16 06:59:22'),(410,25,21,1,'Interesting plot twists.','2025-02-16 16:33:36','2025-03-16 06:59:22'),(411,25,20,3,'Would read again.','2025-02-16 16:33:36','2025-03-16 06:59:22'),(412,25,12,4,'Not as good as I expected.','2025-02-16 16:33:36','2025-03-16 06:59:22'),(413,26,12,3,'A solid 4-star read.','2025-02-16 16:33:36','2025-03-16 06:59:22'),(414,26,20,2,'An absolute masterpiece!','2025-02-16 16:33:36','2025-03-16 06:59:22'),(415,26,3,2,'An absolute masterpiece!','2025-02-16 16:33:36','2025-03-16 06:59:22'),(416,26,4,5,'Would read again.','2025-02-16 16:33:36','2025-03-16 06:59:22'),(417,26,26,3,'A solid 4-star read.','2025-02-16 16:33:36','2025-03-16 06:59:22'),(418,26,23,2,'Would read again.','2025-02-16 16:33:36','2025-03-16 06:59:22'),(419,26,8,4,'Good but could be better.','2025-02-16 16:33:36','2025-03-16 06:59:22'),(420,26,19,1,'An absolute masterpiece!','2025-02-16 16:33:36','2025-03-16 06:59:22'),(421,26,9,3,'An absolute masterpiece!','2025-02-16 16:33:36','2025-03-16 06:59:22'),(422,27,23,5,'Well written and engaging.','2025-02-16 16:33:36','2025-03-16 06:59:22'),(423,27,19,2,'Interesting plot twists.','2025-02-16 16:33:36','2025-03-16 06:59:22'),(424,27,27,2,'Loved the storyline!','2025-02-16 16:33:36','2025-03-16 06:59:22'),(425,27,13,5,'Loved the storyline!','2025-02-16 16:33:36','2025-03-16 06:59:22'),(426,27,14,5,'Interesting plot twists.','2025-02-16 16:33:36','2025-03-16 06:59:22'),(427,27,1,2,'Well written and engaging.','2025-02-16 16:33:36','2025-03-16 06:59:22'),(428,27,7,3,'Not as good as I expected.','2025-02-16 16:33:36','2025-03-16 06:59:22'),(429,27,25,1,'Amazing book! Highly recommended.','2025-02-16 16:33:36','2025-03-16 06:59:22'),(430,27,28,2,'Not as good as I expected.','2025-02-16 16:33:36','2025-03-16 06:59:22'),(431,27,12,1,'An absolute masterpiece!','2025-02-16 16:33:36','2025-03-16 06:59:22'),(432,27,10,2,'An absolute masterpiece!','2025-02-16 16:33:36','2025-03-16 06:59:22'),(433,27,2,4,'Well written and engaging.','2025-02-16 16:33:36','2025-03-16 06:59:22'),(434,28,12,2,'Well written and engaging.','2025-02-16 16:33:36','2025-03-16 06:59:22'),(435,28,1,2,'Would read again.','2025-02-16 16:33:36','2025-03-16 06:59:22'),(436,28,5,1,'Well written and engaging.','2025-02-16 16:33:36','2025-03-16 06:59:22'),(437,28,22,1,'Good but could be better.','2025-02-16 16:33:36','2025-03-16 06:59:22'),(438,28,13,2,'Interesting plot twists.','2025-02-16 16:33:36','2025-03-16 06:59:22'),(439,28,10,1,'Good but could be better.','2025-02-16 16:33:36','2025-03-16 06:59:22'),(440,28,20,2,'A solid 4-star read.','2025-02-16 16:33:36','2025-03-16 06:59:22'),(441,28,3,1,'Good but could be better.','2025-02-16 16:33:36','2025-03-16 06:59:22'),(442,28,11,4,'Would read again.','2025-02-16 16:33:36','2025-03-16 06:59:22'),(443,28,14,1,'Good but could be better.','2025-02-16 16:33:36','2025-03-16 06:59:22'),(444,28,2,2,'A solid 4-star read.','2025-02-16 16:33:36','2025-03-16 06:59:22'),(445,28,9,1,'Not as good as I expected.','2025-02-16 16:33:36','2025-03-16 06:59:22'),(446,28,16,3,'Well written and engaging.','2025-02-16 16:33:36','2025-03-16 06:59:22'),(447,28,25,5,'Would read again.','2025-02-16 16:33:36','2025-03-16 06:59:22'),(448,29,9,3,'Not as good as I expected.','2025-02-16 16:33:36','2025-03-16 06:59:22'),(449,29,17,2,'Good but could be better.','2025-02-16 16:33:36','2025-03-16 06:59:22'),(450,29,16,2,'Not as good as I expected.','2025-02-16 16:33:36','2025-03-16 06:59:22'),(451,29,24,4,'Interesting plot twists.','2025-02-16 16:33:36','2025-03-16 06:59:22'),(452,29,26,3,'Well written and engaging.','2025-02-16 16:33:36','2025-03-16 06:59:22'),(453,29,6,1,'A decent read but not my favorite.','2025-02-16 16:33:36','2025-03-16 06:59:22'),(454,29,11,5,'Good but could be better.','2025-02-16 16:33:36','2025-03-16 06:59:22'),(455,29,27,5,'An absolute masterpiece!','2025-02-16 16:33:36','2025-03-16 06:59:22'),(456,29,25,2,'Good but could be better.','2025-02-16 16:33:36','2025-03-16 06:59:22'),(457,29,28,1,'Good but could be better.','2025-02-16 16:33:36','2025-03-16 06:59:22'),(458,29,10,5,'Good but could be better.','2025-02-16 16:33:36','2025-03-16 06:59:22'),(459,29,18,1,'Good but could be better.','2025-02-16 16:33:36','2025-03-16 06:59:22'),(460,29,3,2,'A decent read but not my favorite.','2025-02-16 16:33:36','2025-03-16 06:59:22'),(461,30,18,5,'A solid 4-star read.','2025-02-16 16:33:36','2025-03-16 06:59:22'),(462,30,12,5,'An absolute masterpiece!','2025-02-16 16:33:36','2025-03-16 06:59:22'),(463,30,10,4,'A decent read but not my favorite.','2025-02-16 16:33:36','2025-03-16 06:59:22'),(464,30,22,2,'An absolute masterpiece!','2025-02-16 16:33:36','2025-03-16 06:59:22'),(465,30,11,2,'Well written and engaging.','2025-02-16 16:33:36','2025-03-16 06:59:22'),(466,30,7,3,'A decent read but not my favorite.','2025-02-16 16:33:36','2025-03-16 06:59:22'),(467,30,1,2,'Good but could be better.','2025-02-16 16:33:36','2025-03-16 06:59:22'),(468,30,3,1,'An absolute masterpiece!','2025-02-16 16:33:36','2025-03-16 06:59:22'),(469,30,5,5,'Would read again.','2025-02-16 16:33:36','2025-03-16 06:59:22'),(470,30,26,4,'Would read again.','2025-02-16 16:33:36','2025-03-16 06:59:22'),(471,30,9,2,'An absolute masterpiece!','2025-02-16 16:33:36','2025-03-16 06:59:22'),(472,30,19,5,'Loved the storyline!','2025-02-16 16:33:36','2025-03-16 06:59:22'),(473,31,8,3,'Interesting plot twists.','2025-02-16 16:33:36','2025-03-16 06:59:22'),(474,31,18,1,'Loved the storyline!','2025-02-16 16:33:36','2025-03-16 06:59:22'),(475,31,17,4,'Loved the storyline!','2025-02-16 16:33:36','2025-03-16 06:59:22'),(476,31,12,5,'Loved the storyline!','2025-02-16 16:33:36','2025-03-16 06:59:22'),(477,31,22,4,'Good but could be better.','2025-02-16 16:33:36','2025-03-16 06:59:22'),(478,31,15,1,'Interesting plot twists.','2025-02-16 16:33:36','2025-03-16 06:59:22'),(479,31,1,4,'Would read again.','2025-02-16 16:33:36','2025-03-16 06:59:22'),(480,31,16,2,'Loved the storyline!','2025-02-16 16:33:36','2025-03-16 06:59:22'),(481,31,24,5,'Interesting plot twists.','2025-02-16 16:33:36','2025-03-16 06:59:22'),(482,32,21,1,'An absolute masterpiece!','2025-02-16 16:33:36','2025-03-16 06:59:22'),(483,32,14,4,'A solid 4-star read.','2025-02-16 16:33:36','2025-03-16 06:59:22'),(484,32,5,4,'A decent read but not my favorite.','2025-02-16 16:33:36','2025-03-16 06:59:22'),(485,32,4,2,'A solid 4-star read.','2025-02-16 16:33:36','2025-03-16 06:59:22'),(486,32,24,1,'Well written and engaging.','2025-02-16 16:33:36','2025-03-16 06:59:22'),(487,32,20,5,'An absolute masterpiece!','2025-02-16 16:33:36','2025-03-16 06:59:22'),(488,32,6,1,'Well written and engaging.','2025-02-16 16:33:36','2025-03-16 06:59:22'),(489,32,7,2,'Loved the storyline!','2025-02-16 16:33:36','2025-03-16 06:59:22'),(490,32,10,5,'Loved the storyline!','2025-02-16 16:33:36','2025-03-16 06:59:22'),(491,32,27,2,'Not as good as I expected.','2025-02-16 16:33:36','2025-03-16 06:59:22'),(492,32,2,3,'A solid 4-star read.','2025-02-16 16:33:36','2025-03-16 06:59:22'),(493,32,23,3,'Amazing book! Highly recommended.','2025-02-16 16:33:36','2025-03-16 06:59:22'),(494,32,13,4,'Well written and engaging.','2025-02-16 16:33:36','2025-03-16 06:59:22'),(495,32,25,5,'Interesting plot twists.','2025-02-16 16:33:36','2025-03-16 06:59:22'),(496,33,3,5,'A decent read but not my favorite.','2025-02-16 16:33:36','2025-03-16 06:59:22'),(497,33,12,2,'Loved the storyline!','2025-02-16 16:33:36','2025-03-16 06:59:22'),(498,33,15,5,'A solid 4-star read.','2025-02-16 16:33:36','2025-03-16 06:59:22'),(499,33,20,2,'Would read again.','2025-02-16 16:33:36','2025-03-16 06:59:22'),(500,33,27,5,'Loved the storyline!','2025-02-16 16:33:36','2025-03-16 06:59:22'),(501,33,10,5,'Well written and engaging.','2025-02-16 16:33:36','2025-03-16 06:59:22'),(502,33,24,1,'A decent read but not my favorite.','2025-02-16 16:33:36','2025-03-16 06:59:22'),(503,33,21,1,'Not as good as I expected.','2025-02-16 16:33:36','2025-03-16 06:59:22'),(504,33,26,2,'Would read again.','2025-02-16 16:33:36','2025-03-16 06:59:22'),(505,33,2,1,'Not as good as I expected.','2025-02-16 16:33:36','2025-03-16 06:59:22'),(506,33,17,5,'Interesting plot twists.','2025-02-16 16:33:36','2025-03-16 06:59:22'),(507,33,25,2,'A solid 4-star read.','2025-02-16 16:33:36','2025-03-16 06:59:22'),(508,33,8,2,'Loved the storyline!','2025-02-16 16:33:36','2025-03-16 06:59:22'),(509,33,9,4,'A solid 4-star read.','2025-02-16 16:33:36','2025-03-16 06:59:22'),(510,34,26,5,'A decent read but not my favorite.','2025-02-16 16:33:36','2025-03-16 06:59:22'),(511,34,24,5,'Interesting plot twists.','2025-02-16 16:33:36','2025-03-16 06:59:22'),(512,34,2,2,'Not as good as I expected.','2025-02-16 16:33:36','2025-03-16 06:59:22'),(513,34,18,1,'A decent read but not my favorite.','2025-02-16 16:33:36','2025-03-16 06:59:22'),(514,34,16,4,'Would read again.','2025-02-16 16:33:36','2025-03-16 06:59:22'),(515,34,28,5,'Good but could be better.','2025-02-16 16:33:36','2025-03-16 06:59:22'),(516,34,1,1,'Would read again.','2025-02-16 16:33:36','2025-03-16 06:59:22'),(517,34,25,4,'Not as good as I expected.','2025-02-16 16:33:36','2025-03-16 06:59:22'),(518,34,5,4,'Amazing book! Highly recommended.','2025-02-16 16:33:36','2025-03-16 06:59:22'),(519,34,22,5,'Would read again.','2025-02-16 16:33:36','2025-03-16 06:59:22'),(520,34,15,5,'Well written and engaging.','2025-02-16 16:33:36','2025-03-16 06:59:22'),(521,34,8,3,'Well written and engaging.','2025-02-16 16:33:36','2025-03-16 06:59:22'),(522,34,14,1,'Not as good as I expected.','2025-02-16 16:33:36','2025-03-16 06:59:22'),(523,35,5,3,'An absolute masterpiece!','2025-02-16 16:33:36','2025-03-16 06:59:22'),(524,35,21,5,'Good but could be better.','2025-02-16 16:33:36','2025-03-16 06:59:22'),(525,35,22,5,'Well written and engaging.','2025-02-16 16:33:36','2025-03-16 06:59:22'),(526,35,19,2,'Well written and engaging.','2025-02-16 16:33:36','2025-03-16 06:59:22'),(527,35,20,2,'Not as good as I expected.','2025-02-16 16:33:36','2025-03-16 06:59:22'),(528,35,23,5,'Not as good as I expected.','2025-02-16 16:33:36','2025-03-16 06:59:22'),(529,35,26,2,'A solid 4-star read.','2025-02-16 16:33:36','2025-03-16 06:59:22'),(530,35,7,2,'Good but could be better.','2025-02-16 16:33:36','2025-03-16 06:59:22'),(531,35,2,4,'A decent read but not my favorite.','2025-02-16 16:33:36','2025-03-16 06:59:22'),(532,35,9,1,'Would read again.','2025-02-16 16:33:36','2025-03-16 06:59:22'),(533,35,25,5,'Not as good as I expected.','2025-02-16 16:33:36','2025-03-16 06:59:22'),(534,35,3,1,'A decent read but not my favorite.','2025-02-16 16:33:36','2025-03-16 06:59:22'),(535,35,4,5,'A decent read but not my favorite.','2025-02-16 16:33:36','2025-03-16 06:59:22'),(536,36,23,5,'Would read again.','2025-02-16 16:33:36','2025-03-16 06:59:22'),(537,36,28,1,'Would read again.','2025-02-16 16:33:36','2025-03-16 06:59:22'),(538,36,14,3,'Well written and engaging.','2025-02-16 16:33:36','2025-03-16 06:59:22'),(539,36,22,2,'Well written and engaging.','2025-02-16 16:33:36','2025-03-16 06:59:22'),(540,36,12,4,'Interesting plot twists.','2025-02-16 16:33:36','2025-03-16 06:59:22'),(541,36,15,4,'Would read again.','2025-02-16 16:33:36','2025-03-16 06:59:22'),(542,36,3,5,'A solid 4-star read.','2025-02-16 16:33:36','2025-03-16 06:59:22'),(543,36,7,1,'Loved the storyline!','2025-02-16 16:33:36','2025-03-16 06:59:22'),(544,36,18,5,'Amazing book! Highly recommended.','2025-02-16 16:33:36','2025-03-16 06:59:22'),(545,36,9,1,'Loved the storyline!','2025-02-16 16:33:36','2025-03-16 06:59:22'),(546,36,11,4,'Not as good as I expected.','2025-02-16 16:33:36','2025-03-16 06:59:22'),(547,37,26,5,'Good but could be better.','2025-02-16 16:33:36','2025-03-16 06:59:22'),(548,37,3,2,'Well written and engaging.','2025-02-16 16:33:36','2025-03-16 06:59:22'),(549,37,10,3,'Loved the storyline!','2025-02-16 16:33:36','2025-03-16 06:59:22'),(550,37,20,3,'Would read again.','2025-02-16 16:33:36','2025-03-16 06:59:22'),(551,37,14,1,'A decent read but not my favorite.','2025-02-16 16:33:36','2025-03-16 06:59:22'),(552,37,8,4,'Would read again.','2025-02-16 16:33:36','2025-03-16 06:59:22'),(553,37,18,1,'A decent read but not my favorite.','2025-02-16 16:33:36','2025-03-16 06:59:22'),(554,37,21,4,'A decent read but not my favorite.','2025-02-16 16:33:36','2025-03-16 06:59:22'),(555,37,25,5,'Loved the storyline!','2025-02-16 16:33:36','2025-03-16 06:59:22'),(556,37,16,5,'Good but could be better.','2025-02-16 16:33:36','2025-03-16 06:59:22'),(557,37,27,1,'Loved the storyline!','2025-02-16 16:33:36','2025-03-16 06:59:22'),(558,37,15,1,'Not as good as I expected.','2025-02-16 16:33:36','2025-03-16 06:59:22'),(559,38,5,1,'A decent read but not my favorite.','2025-02-16 16:33:36','2025-03-16 06:59:22'),(560,38,13,1,'An absolute masterpiece!','2025-02-16 16:33:36','2025-03-16 06:59:22'),(561,38,25,4,'A solid 4-star read.','2025-02-16 16:33:36','2025-03-16 06:59:22'),(562,38,27,2,'Amazing book! Highly recommended.','2025-02-16 16:33:36','2025-03-16 06:59:22'),(563,38,18,3,'Not as good as I expected.','2025-02-16 16:33:36','2025-03-16 06:59:22'),(564,38,4,3,'Loved the storyline!','2025-02-16 16:33:36','2025-03-16 06:59:22'),(565,38,14,5,'A decent read but not my favorite.','2025-02-16 16:33:36','2025-03-16 06:59:22'),(566,38,1,2,'Well written and engaging.','2025-02-16 16:33:36','2025-03-16 06:59:22'),(567,38,26,2,'Interesting plot twists.','2025-02-16 16:33:36','2025-03-16 06:59:22'),(568,38,28,3,'Would read again.','2025-02-16 16:33:36','2025-03-16 06:59:22'),(569,38,23,4,'Good but could be better.','2025-02-16 16:33:36','2025-03-16 06:59:22'),(570,39,6,2,'Loved the storyline!','2025-02-16 16:33:36','2025-03-16 06:59:22'),(571,39,5,3,'An absolute masterpiece!','2025-02-16 16:33:36','2025-03-16 06:59:22'),(572,39,19,3,'Loved the storyline!','2025-02-16 16:33:36','2025-03-16 06:59:22'),(573,39,20,4,'Would read again.','2025-02-16 16:33:36','2025-03-16 06:59:22'),(574,39,26,3,'An absolute masterpiece!','2025-02-16 16:33:36','2025-03-16 06:59:22'),(575,39,4,5,'Interesting plot twists.','2025-02-16 16:33:36','2025-03-16 06:59:22'),(576,39,21,5,'Would read again.','2025-02-16 16:33:36','2025-03-16 06:59:22'),(577,39,8,4,'An absolute masterpiece!','2025-02-16 16:33:36','2025-03-16 06:59:22'),(578,39,15,1,'Would read again.','2025-02-16 16:33:36','2025-03-16 06:59:22'),(579,39,1,1,'A decent read but not my favorite.','2025-02-16 16:33:36','2025-03-16 06:59:22'),(580,39,22,5,'Not as good as I expected.','2025-02-16 16:33:36','2025-03-16 06:59:22'),(581,39,12,4,'Amazing book! Highly recommended.','2025-02-16 16:33:36','2025-03-16 06:59:22'),(582,39,18,5,'Loved the storyline!','2025-02-16 16:33:36','2025-03-16 06:59:22'),(583,39,3,5,'Not as good as I expected.','2025-02-16 16:33:36','2025-03-16 06:59:22'),(584,40,4,2,'A decent read but not my favorite.','2025-02-16 16:33:36','2025-03-16 06:59:22'),(585,40,19,3,'Interesting plot twists.','2025-02-16 16:33:36','2025-03-16 06:59:22'),(586,40,1,5,'A solid 4-star read.','2025-02-16 16:33:36','2025-03-16 06:59:22'),(587,40,14,5,'An absolute masterpiece!','2025-02-16 16:33:36','2025-03-16 06:59:22'),(588,40,18,1,'A solid 4-star read.','2025-02-16 16:33:36','2025-03-16 06:59:22'),(589,40,28,5,'An absolute masterpiece!','2025-02-16 16:33:36','2025-03-16 06:59:22'),(590,40,23,1,'An absolute masterpiece!','2025-02-16 16:33:36','2025-03-16 06:59:22'),(591,40,10,4,'Amazing book! Highly recommended.','2025-02-16 16:33:36','2025-03-16 06:59:22'),(592,40,6,3,'A decent read but not my favorite.','2025-02-16 16:33:36','2025-03-16 06:59:22'),(593,40,11,3,'An absolute masterpiece!','2025-02-16 16:33:36','2025-03-16 06:59:22'),(594,40,5,1,'Amazing book! Highly recommended.','2025-02-16 16:33:36','2025-03-16 06:59:22'),(595,40,8,4,'A decent read but not my favorite.','2025-02-16 16:33:36','2025-03-16 06:59:22'),(596,40,25,2,'Good but could be better.','2025-02-16 16:33:36','2025-03-16 06:59:22'),(597,40,3,1,'Loved the storyline!','2025-02-16 16:33:36','2025-03-16 06:59:22'),(598,40,13,3,'Not as good as I expected.','2025-02-16 16:33:36','2025-03-16 06:59:22'),(599,41,12,4,'An absolute masterpiece!','2025-02-16 16:33:36','2025-03-16 06:59:22'),(600,41,9,1,'An absolute masterpiece!','2025-02-16 16:33:36','2025-03-16 06:59:22'),(601,41,25,5,'A decent read but not my favorite.','2025-02-16 16:33:36','2025-03-16 06:59:22'),(602,41,23,3,'Would read again.','2025-02-16 16:33:36','2025-03-16 06:59:22'),(603,41,18,1,'Good but could be better.','2025-02-16 16:33:36','2025-03-16 06:59:22'),(604,41,11,1,'Loved the storyline!','2025-02-16 16:33:36','2025-03-16 06:59:22'),(605,41,21,4,'A solid 4-star read.','2025-02-16 16:33:36','2025-03-16 06:59:22'),(606,41,10,5,'A solid 4-star read.','2025-02-16 16:33:36','2025-03-16 06:59:22'),(607,41,26,3,'Interesting plot twists.','2025-02-16 16:33:36','2025-03-16 06:59:22'),(608,41,27,4,'Well written and engaging.','2025-02-16 16:33:36','2025-03-16 06:59:22'),(609,41,16,4,'Loved the storyline!','2025-02-16 16:33:36','2025-03-16 06:59:22'),(610,41,17,4,'A decent read but not my favorite.','2025-02-16 16:33:36','2025-03-16 06:59:22'),(611,42,28,4,'Interesting plot twists.','2025-02-16 16:33:36','2025-03-16 06:59:22'),(612,42,9,2,'A decent read but not my favorite.','2025-02-16 16:33:36','2025-03-16 06:59:22'),(613,42,23,3,'Well written and engaging.','2025-02-16 16:33:36','2025-03-16 06:59:22'),(614,42,11,1,'Amazing book! Highly recommended.','2025-02-16 16:33:36','2025-03-16 06:59:22'),(615,42,20,3,'Would read again.','2025-02-16 16:33:36','2025-03-16 06:59:22'),(616,42,13,2,'Well written and engaging.','2025-02-16 16:33:36','2025-03-16 06:59:22'),(617,42,5,3,'Well written and engaging.','2025-02-16 16:33:36','2025-03-16 06:59:22'),(618,42,1,1,'A decent read but not my favorite.','2025-02-16 16:33:36','2025-03-16 06:59:22'),(619,42,12,4,'A decent read but not my favorite.','2025-02-16 16:33:36','2025-03-16 06:59:22'),(620,42,10,3,'A decent read but not my favorite.','2025-02-16 16:33:36','2025-03-16 06:59:22'),(621,42,14,3,'Amazing book! Highly recommended.','2025-02-16 16:33:36','2025-03-16 06:59:22'),(622,43,10,5,'An absolute masterpiece!','2025-02-16 16:33:36','2025-03-16 06:59:22'),(623,43,9,1,'Would read again.','2025-02-16 16:33:36','2025-03-16 06:59:22'),(624,43,23,3,'Amazing book! Highly recommended.','2025-02-16 16:33:36','2025-03-16 06:59:22'),(625,43,15,2,'Not as good as I expected.','2025-02-16 16:33:36','2025-03-16 06:59:22'),(626,43,6,4,'Loved the storyline!','2025-02-16 16:33:36','2025-03-16 06:59:22'),(627,43,25,1,'An absolute masterpiece!','2025-02-16 16:33:36','2025-03-16 06:59:22'),(628,43,3,5,'Amazing book! Highly recommended.','2025-02-16 16:33:36','2025-03-16 06:59:22'),(629,43,8,2,'Good but could be better.','2025-02-16 16:33:36','2025-03-16 06:59:22'),(630,43,27,3,'Loved the storyline!','2025-02-16 16:33:36','2025-03-16 06:59:22'),(631,43,16,5,'Good but could be better.','2025-02-16 16:33:36','2025-03-16 06:59:22'),(632,43,22,2,'Interesting plot twists.','2025-02-16 16:33:36','2025-03-16 06:59:22'),(633,43,17,1,'A solid 4-star read.','2025-02-16 16:33:36','2025-03-16 06:59:22'),(634,43,13,2,'Not as good as I expected.','2025-02-16 16:33:36','2025-03-16 06:59:22'),(635,44,10,3,'Interesting plot twists.','2025-02-16 16:33:36','2025-03-16 06:59:22'),(636,44,1,2,'A solid 4-star read.','2025-02-16 16:33:36','2025-03-16 06:59:22'),(637,44,15,3,'Loved the storyline!','2025-02-16 16:33:36','2025-03-16 06:59:22'),(638,44,23,4,'A solid 4-star read.','2025-02-16 16:33:36','2025-03-16 06:59:22'),(639,44,19,2,'Interesting plot twists.','2025-02-16 16:33:36','2025-03-16 06:59:22'),(640,44,5,1,'An absolute masterpiece!','2025-02-16 16:33:36','2025-03-16 06:59:22'),(641,44,27,2,'An absolute masterpiece!','2025-02-16 16:33:36','2025-03-16 06:59:22'),(642,44,14,5,'A decent read but not my favorite.','2025-02-16 16:33:36','2025-03-16 06:59:22'),(643,44,22,3,'Amazing book! Highly recommended.','2025-02-16 16:33:36','2025-03-16 06:59:22'),(644,44,24,4,'Good but could be better.','2025-02-16 16:33:36','2025-03-16 06:59:22'),(645,44,21,5,'Loved the storyline!','2025-02-16 16:33:36','2025-03-16 06:59:22'),(646,44,4,4,'Well written and engaging.','2025-02-16 16:33:36','2025-03-16 06:59:22'),(647,44,18,1,'Good but could be better.','2025-02-16 16:33:36','2025-03-16 06:59:22'),(648,45,23,2,'Would read again.','2025-02-16 16:33:36','2025-03-16 06:59:22'),(649,45,8,4,'Not as good as I expected.','2025-02-16 16:33:36','2025-03-16 06:59:22'),(650,45,2,2,'Well written and engaging.','2025-02-16 16:33:36','2025-03-16 06:59:22'),(651,45,7,5,'Good but could be better.','2025-02-16 16:33:36','2025-03-16 06:59:22'),(652,45,24,2,'An absolute masterpiece!','2025-02-16 16:33:36','2025-03-16 06:59:22'),(653,45,5,5,'A solid 4-star read.','2025-02-16 16:33:36','2025-03-16 06:59:22'),(654,45,6,5,'Loved the storyline!','2025-02-16 16:33:36','2025-03-16 06:59:22'),(655,45,20,3,'Interesting plot twists.','2025-02-16 16:33:36','2025-03-16 06:59:22'),(656,45,17,4,'A decent read but not my favorite.','2025-02-16 16:33:36','2025-03-16 06:59:22'),(657,45,12,2,'Interesting plot twists.','2025-02-16 16:33:36','2025-03-16 06:59:22'),(658,45,13,1,'Well written and engaging.','2025-02-16 16:33:36','2025-03-16 06:59:22'),(659,45,26,5,'An absolute masterpiece!','2025-02-16 16:33:36','2025-03-16 06:59:22'),(660,45,14,1,'A solid 4-star read.','2025-02-16 16:33:36','2025-03-16 06:59:22'),(661,45,28,1,'Amazing book! Highly recommended.','2025-02-16 16:33:36','2025-03-16 06:59:22'),(662,45,27,1,'Interesting plot twists.','2025-02-16 16:33:36','2025-03-16 06:59:22'),(663,46,19,1,'A decent read but not my favorite.','2025-02-16 16:33:36','2025-03-16 06:59:22'),(664,46,10,1,'Not as good as I expected.','2025-02-16 16:33:36','2025-03-16 06:59:22'),(665,46,2,5,'Good but could be better.','2025-02-16 16:33:36','2025-03-16 06:59:22'),(666,46,12,3,'Interesting plot twists.','2025-02-16 16:33:36','2025-03-16 06:59:22'),(667,46,15,1,'Amazing book! Highly recommended.','2025-02-16 16:33:36','2025-03-16 06:59:22'),(668,46,5,2,'Good but could be better.','2025-02-16 16:33:36','2025-03-16 06:59:22'),(669,46,21,1,'Loved the storyline!','2025-02-16 16:33:36','2025-03-16 06:59:22'),(670,46,16,4,'Amazing book! Highly recommended.','2025-02-16 16:33:36','2025-03-16 06:59:22'),(671,46,1,3,'A solid 4-star read.','2025-02-16 16:33:36','2025-03-16 06:59:22'),(672,46,22,1,'Not as good as I expected.','2025-02-16 16:33:36','2025-03-16 06:59:22'),(673,47,14,2,'Loved the storyline!','2025-02-16 16:33:36','2025-03-16 06:59:22'),(674,47,16,4,'Interesting plot twists.','2025-02-16 16:33:36','2025-03-16 06:59:22'),(675,47,19,2,'Would read again.','2025-02-16 16:33:36','2025-03-16 06:59:22'),(676,47,21,3,'A decent read but not my favorite.','2025-02-16 16:33:36','2025-03-16 06:59:22'),(677,47,4,4,'Would read again.','2025-02-16 16:33:36','2025-03-16 06:59:22'),(678,47,2,5,'Amazing book! Highly recommended.','2025-02-16 16:33:36','2025-03-16 06:59:22'),(679,47,27,2,'Not as good as I expected.','2025-02-16 16:33:36','2025-03-16 06:59:22'),(680,47,28,4,'Interesting plot twists.','2025-02-16 16:33:36','2025-03-16 06:59:22'),(681,47,9,5,'Would read again.','2025-02-16 16:33:36','2025-03-16 06:59:22'),(682,47,6,5,'Loved the storyline!','2025-02-16 16:33:36','2025-03-16 06:59:22'),(683,47,22,3,'Loved the storyline!','2025-02-16 16:33:36','2025-03-16 06:59:22'),(684,47,24,5,'Would read again.','2025-02-16 16:33:36','2025-03-16 06:59:22'),(685,47,1,3,'Would read again.','2025-02-16 16:33:36','2025-03-16 06:59:22'),(686,47,11,5,'Loved the storyline!','2025-02-16 16:33:36','2025-03-16 06:59:22'),(687,48,26,1,'Amazing book! Highly recommended.','2025-02-16 16:33:36','2025-03-16 06:59:22'),(688,48,5,5,'An absolute masterpiece!','2025-02-16 16:33:37','2025-03-16 06:59:22'),(689,48,3,2,'A decent read but not my favorite.','2025-02-16 16:33:37','2025-03-16 06:59:22'),(690,48,9,1,'Not as good as I expected.','2025-02-16 16:33:37','2025-03-16 06:59:22'),(691,48,24,4,'Interesting plot twists.','2025-02-16 16:33:37','2025-03-16 06:59:22'),(692,48,27,3,'Not as good as I expected.','2025-02-16 16:33:37','2025-03-16 06:59:22'),(693,48,10,3,'Not as good as I expected.','2025-02-16 16:33:37','2025-03-16 06:59:22'),(694,48,8,4,'Interesting plot twists.','2025-02-16 16:33:37','2025-03-16 06:59:22'),(695,48,23,3,'A solid 4-star read.','2025-02-16 16:33:37','2025-03-16 06:59:22'),(696,48,4,2,'Loved the storyline!','2025-02-16 16:33:37','2025-03-16 06:59:22'),(697,48,7,4,'Amazing book! Highly recommended.','2025-02-16 16:33:37','2025-03-16 06:59:22'),(698,48,11,1,'Loved the storyline!','2025-02-16 16:33:37','2025-03-16 06:59:22'),(699,48,19,2,'Not as good as I expected.','2025-02-16 16:33:37','2025-03-16 06:59:22'),(700,49,7,3,'A solid 4-star read.','2025-02-16 16:33:37','2025-03-16 06:59:22'),(701,49,8,3,'Not as good as I expected.','2025-02-16 16:33:37','2025-03-16 06:59:22'),(702,49,17,2,'An absolute masterpiece!','2025-02-16 16:33:37','2025-03-16 06:59:22'),(703,49,10,5,'A solid 4-star read.','2025-02-16 16:33:37','2025-03-16 06:59:22'),(704,49,6,3,'A solid 4-star read.','2025-02-16 16:33:37','2025-03-16 06:59:22'),(705,49,11,5,'Good but could be better.','2025-02-16 16:33:37','2025-03-16 06:59:22'),(706,49,27,1,'Good but could be better.','2025-02-16 16:33:37','2025-03-16 06:59:22'),(707,49,24,2,'Would read again.','2025-02-16 16:33:37','2025-03-16 06:59:22'),(708,49,20,4,'Would read again.','2025-02-16 16:33:37','2025-03-16 06:59:22'),(709,49,2,1,'A decent read but not my favorite.','2025-02-16 16:33:37','2025-03-16 06:59:22'),(710,49,21,2,'An absolute masterpiece!','2025-02-16 16:33:37','2025-03-16 06:59:22'),(711,49,16,3,'A decent read but not my favorite.','2025-02-16 16:33:37','2025-03-16 06:59:22'),(712,49,26,1,'Interesting plot twists.','2025-02-16 16:33:37','2025-03-16 06:59:22'),(713,50,25,5,'A decent read but not my favorite.','2025-02-16 16:33:37','2025-03-16 06:59:22'),(714,50,5,5,'Would read again.','2025-02-16 16:33:37','2025-03-16 06:59:22'),(715,50,17,5,'A decent read but not my favorite.','2025-02-16 16:33:37','2025-03-16 06:59:22'),(716,50,16,2,'Interesting plot twists.','2025-02-16 16:33:37','2025-03-16 06:59:22'),(717,50,3,4,'An absolute masterpiece!','2025-02-16 16:33:37','2025-03-16 06:59:22'),(718,50,27,3,'An absolute masterpiece!','2025-02-16 16:33:37','2025-03-16 06:59:22'),(719,50,28,2,'Well written and engaging.','2025-02-16 16:33:37','2025-03-16 06:59:22'),(720,50,11,2,'Well written and engaging.','2025-02-16 16:33:37','2025-03-16 06:59:22'),(721,50,20,1,'Interesting plot twists.','2025-02-16 16:33:37','2025-03-16 06:59:22'),(722,50,19,2,'An absolute masterpiece!','2025-02-16 16:33:37','2025-03-16 06:59:22'),(723,50,2,4,'Not as good as I expected.','2025-02-16 16:33:37','2025-03-16 06:59:22'),(724,50,23,2,'Amazing book! Highly recommended.','2025-02-16 16:33:37','2025-03-16 06:59:22'),(725,51,27,3,'Interesting plot twists.','2025-02-16 16:33:37','2025-03-16 06:59:22'),(726,51,16,1,'Well written and engaging.','2025-02-16 16:33:37','2025-03-16 06:59:22'),(727,51,26,4,'An absolute masterpiece!','2025-02-16 16:33:37','2025-03-16 06:59:22'),(728,51,18,4,'Well written and engaging.','2025-02-16 16:33:37','2025-03-16 06:59:22'),(729,51,2,1,'Would read again.','2025-02-16 16:33:37','2025-03-16 06:59:22'),(730,51,12,4,'A solid 4-star read.','2025-02-16 16:33:37','2025-03-16 06:59:22'),(731,51,5,3,'Not as good as I expected.','2025-02-16 16:33:37','2025-03-16 06:59:22'),(732,51,11,1,'Would read again.','2025-02-16 16:33:37','2025-03-16 06:59:22'),(733,51,19,2,'Well written and engaging.','2025-02-16 16:33:37','2025-03-16 06:59:22'),(734,51,28,2,'A decent read but not my favorite.','2025-02-16 16:33:37','2025-03-16 06:59:22'),(735,51,8,4,'A decent read but not my favorite.','2025-02-16 16:33:37','2025-03-16 06:59:22'),(736,51,3,5,'Good but could be better.','2025-02-16 16:33:37','2025-03-16 06:59:22'),(737,52,7,2,'A decent read but not my favorite.','2025-02-16 16:33:37','2025-03-16 06:59:22'),(738,52,27,2,'Good but could be better.','2025-02-16 16:33:37','2025-03-16 06:59:22'),(739,52,5,4,'Well written and engaging.','2025-02-16 16:33:37','2025-03-16 06:59:22'),(740,52,26,4,'A decent read but not my favorite.','2025-02-16 16:33:37','2025-03-16 06:59:22'),(741,52,8,4,'Good but could be better.','2025-02-16 16:33:37','2025-03-16 06:59:22'),(742,52,15,1,'Would read again.','2025-02-16 16:33:37','2025-03-16 06:59:22'),(743,52,23,3,'A decent read but not my favorite.','2025-02-16 16:33:37','2025-03-16 06:59:22'),(744,52,6,1,'Good but could be better.','2025-02-16 16:33:37','2025-03-16 06:59:22'),(745,52,20,3,'Would read again.','2025-02-16 16:33:37','2025-03-16 06:59:22'),(746,52,13,3,'A solid 4-star read.','2025-02-16 16:33:37','2025-03-16 06:59:22'),(747,52,24,5,'A solid 4-star read.','2025-02-16 16:33:37','2025-03-16 06:59:22'),(748,52,12,5,'An absolute masterpiece!','2025-02-16 16:33:37','2025-03-16 06:59:22'),(749,52,22,4,'Not as good as I expected.','2025-02-16 16:33:37','2025-03-16 06:59:22'),(750,53,6,2,'A decent read but not my favorite.','2025-02-16 16:33:37','2025-03-16 06:59:22'),(751,53,5,2,'A solid 4-star read.','2025-02-16 16:33:37','2025-03-16 06:59:22'),(752,53,10,5,'A solid 4-star read.','2025-02-16 16:33:37','2025-03-16 06:59:22'),(753,53,20,3,'Loved the storyline!','2025-02-16 16:33:37','2025-03-16 06:59:22'),(754,53,27,1,'A decent read but not my favorite.','2025-02-16 16:33:37','2025-03-16 06:59:22'),(755,53,15,3,'Good but could be better.','2025-02-16 16:33:37','2025-03-16 06:59:22'),(756,53,28,1,'Good but could be better.','2025-02-16 16:33:37','2025-03-16 06:59:22'),(757,53,18,4,'Not as good as I expected.','2025-02-16 16:33:37','2025-03-16 06:59:22'),(758,53,17,3,'Amazing book! Highly recommended.','2025-02-16 16:33:37','2025-03-16 06:59:22'),(759,53,19,3,'An absolute masterpiece!','2025-02-16 16:33:37','2025-03-16 06:59:22'),(760,54,27,1,'A decent read but not my favorite.','2025-02-16 16:33:37','2025-03-16 06:59:22'),(761,54,16,2,'Amazing book! Highly recommended.','2025-02-16 16:33:37','2025-03-16 06:59:22'),(762,54,25,5,'Would read again.','2025-02-16 16:33:37','2025-03-16 06:59:22'),(763,54,21,2,'A solid 4-star read.','2025-02-16 16:33:37','2025-03-16 06:59:22'),(764,54,9,3,'Good but could be better.','2025-02-16 16:33:37','2025-03-16 06:59:22'),(765,54,26,5,'Good but could be better.','2025-02-16 16:33:37','2025-03-16 06:59:22'),(766,54,17,2,'An absolute masterpiece!','2025-02-16 16:33:37','2025-03-16 06:59:22'),(767,54,19,2,'Would read again.','2025-02-16 16:33:37','2025-03-16 06:59:22'),(768,54,5,1,'Amazing book! Highly recommended.','2025-02-16 16:33:37','2025-03-16 06:59:22'),(769,54,20,2,'Amazing book! Highly recommended.','2025-02-16 16:33:37','2025-03-16 06:59:22'),(770,55,7,5,'Loved the storyline!','2025-02-16 16:33:37','2025-03-16 06:59:22'),(771,55,12,3,'A solid 4-star read.','2025-02-16 16:33:37','2025-03-16 06:59:22'),(772,55,3,4,'Not as good as I expected.','2025-02-16 16:33:37','2025-03-16 06:59:22'),(773,55,25,2,'Not as good as I expected.','2025-02-16 16:33:37','2025-03-16 06:59:22'),(774,55,24,2,'Loved the storyline!','2025-02-16 16:33:37','2025-03-16 06:59:22'),(775,55,11,4,'A solid 4-star read.','2025-02-16 16:33:37','2025-03-16 06:59:22'),(776,55,18,2,'Interesting plot twists.','2025-02-16 16:33:37','2025-03-16 06:59:22'),(777,55,16,1,'Loved the storyline!','2025-02-16 16:33:37','2025-03-16 06:59:22'),(778,55,2,2,'Not as good as I expected.','2025-02-16 16:33:37','2025-03-16 06:59:22'),(779,55,14,1,'Amazing book! Highly recommended.','2025-02-16 16:33:37','2025-03-16 06:59:22'),(780,55,6,1,'An absolute masterpiece!','2025-02-16 16:33:37','2025-03-16 06:59:22'),(781,55,22,3,'Would read again.','2025-02-16 16:33:37','2025-03-16 06:59:22'),(782,55,5,3,'Good but could be better.','2025-02-16 16:33:37','2025-03-16 06:59:22'),(783,55,26,3,'Well written and engaging.','2025-02-16 16:33:37','2025-03-16 06:59:22'),(784,55,21,1,'Amazing book! Highly recommended.','2025-02-16 16:33:37','2025-03-16 06:59:22'),(785,56,21,3,'A decent read but not my favorite.','2025-02-16 16:33:37','2025-03-16 06:59:22'),(786,56,2,3,'Not as good as I expected.','2025-02-16 16:33:37','2025-03-16 06:59:22'),(787,56,3,4,'Would read again.','2025-02-16 16:33:37','2025-03-16 06:59:22'),(788,56,23,4,'Not as good as I expected.','2025-02-16 16:33:37','2025-03-16 06:59:22'),(789,56,26,2,'An absolute masterpiece!','2025-02-16 16:33:37','2025-03-16 06:59:22'),(790,56,25,1,'Well written and engaging.','2025-02-16 16:33:37','2025-03-16 06:59:22'),(791,56,16,2,'A decent read but not my favorite.','2025-02-16 16:33:37','2025-03-16 06:59:22'),(792,56,4,3,'A decent read but not my favorite.','2025-02-16 16:33:37','2025-03-16 06:59:22'),(793,56,10,1,'Would read again.','2025-02-16 16:33:37','2025-03-16 06:59:22'),(794,56,18,3,'An absolute masterpiece!','2025-02-16 16:33:37','2025-03-16 06:59:22'),(795,56,1,1,'Interesting plot twists.','2025-02-16 16:33:37','2025-03-16 06:59:22'),(796,56,11,5,'Would read again.','2025-02-16 16:33:37','2025-03-16 06:59:22'),(797,57,11,5,'Good but could be better.','2025-02-16 16:33:37','2025-03-16 06:59:22'),(798,57,22,2,'A decent read but not my favorite.','2025-02-16 16:33:37','2025-03-16 06:59:22'),(799,57,21,3,'Well written and engaging.','2025-02-16 16:33:37','2025-03-16 06:59:22'),(800,57,20,4,'A decent read but not my favorite.','2025-02-16 16:33:37','2025-03-16 06:59:22'),(801,57,13,3,'An absolute masterpiece!','2025-02-16 16:33:37','2025-03-16 06:59:22'),(802,57,28,3,'Good but could be better.','2025-02-16 16:33:37','2025-03-16 06:59:22'),(803,57,2,1,'Not as good as I expected.','2025-02-16 16:33:37','2025-03-16 06:59:22'),(804,57,8,2,'Well written and engaging.','2025-02-16 16:33:37','2025-03-16 06:59:22'),(805,57,15,1,'Good but could be better.','2025-02-16 16:33:37','2025-03-16 06:59:22'),(806,57,4,3,'Not as good as I expected.','2025-02-16 16:33:37','2025-03-16 06:59:22'),(807,57,27,5,'A solid 4-star read.','2025-02-16 16:33:37','2025-03-16 06:59:22'),(808,57,25,3,'Well written and engaging.','2025-02-16 16:33:37','2025-03-16 06:59:22'),(809,57,12,2,'A solid 4-star read.','2025-02-16 16:33:37','2025-03-16 06:59:22'),(810,57,14,1,'Good but could be better.','2025-02-16 16:33:37','2025-03-16 06:59:22'),(811,58,6,2,'Interesting plot twists.','2025-02-16 16:33:37','2025-03-16 06:59:22'),(812,58,4,5,'An absolute masterpiece!','2025-02-16 16:33:37','2025-03-16 06:59:22'),(813,58,5,5,'An absolute masterpiece!','2025-02-16 16:33:37','2025-03-16 06:59:22'),(814,58,3,3,'A solid 4-star read.','2025-02-16 16:33:37','2025-03-16 06:59:22'),(815,58,25,4,'Good but could be better.','2025-02-16 16:33:37','2025-03-16 06:59:22'),(816,58,14,2,'Good but could be better.','2025-02-16 16:33:37','2025-03-16 06:59:22'),(817,58,21,2,'Well written and engaging.','2025-02-16 16:33:37','2025-03-16 06:59:22'),(818,58,9,2,'Well written and engaging.','2025-02-16 16:33:37','2025-03-16 06:59:22'),(819,58,13,4,'Amazing book! Highly recommended.','2025-02-16 16:33:37','2025-03-16 06:59:22'),(820,58,26,2,'Not as good as I expected.','2025-02-16 16:33:37','2025-03-16 06:59:22'),(821,58,27,2,'Well written and engaging.','2025-02-16 16:33:37','2025-03-16 06:59:22'),(822,58,18,4,'Loved the storyline!','2025-02-16 16:33:37','2025-03-16 06:59:22'),(823,58,11,5,'Good but could be better.','2025-02-16 16:33:37','2025-03-16 06:59:22'),(824,58,2,3,'Good but could be better.','2025-02-16 16:33:37','2025-03-16 06:59:22'),(825,58,19,1,'Good but could be better.','2025-02-16 16:33:37','2025-03-16 06:59:22'),(826,59,16,2,'Loved the storyline!','2025-02-16 16:33:37','2025-03-16 06:59:22'),(827,59,5,3,'Loved the storyline!','2025-02-16 16:33:37','2025-03-16 06:59:22'),(828,59,15,4,'Would read again.','2025-02-16 16:33:37','2025-03-16 06:59:22'),(829,59,3,2,'Amazing book! Highly recommended.','2025-02-16 16:33:37','2025-03-16 06:59:22'),(830,59,20,1,'Amazing book! Highly recommended.','2025-02-16 16:33:37','2025-03-16 06:59:22'),(831,59,26,1,'A solid 4-star read.','2025-02-16 16:33:37','2025-03-16 06:59:22'),(832,59,6,1,'A decent read but not my favorite.','2025-02-16 16:33:37','2025-03-16 06:59:22'),(833,59,28,5,'Amazing book! Highly recommended.','2025-02-16 16:33:37','2025-03-16 06:59:22'),(834,59,22,1,'Amazing book! Highly recommended.','2025-02-16 16:33:37','2025-03-16 06:59:22'),(835,59,21,5,'An absolute masterpiece!','2025-02-16 16:33:37','2025-03-16 06:59:22'),(836,59,24,3,'Loved the storyline!','2025-02-16 16:33:37','2025-03-16 06:59:22'),(837,59,10,5,'A decent read but not my favorite.','2025-02-16 16:33:37','2025-03-16 06:59:22'),(838,60,5,5,'A decent read but not my favorite.','2025-02-16 16:33:37','2025-03-16 06:59:22'),(839,60,25,5,'A decent read but not my favorite.','2025-02-16 16:33:37','2025-03-16 06:59:22'),(840,60,14,3,'Well written and engaging.','2025-02-16 16:33:37','2025-03-16 06:59:22'),(841,60,4,4,'Interesting plot twists.','2025-02-16 16:33:37','2025-03-16 06:59:22'),(842,60,15,4,'A solid 4-star read.','2025-02-16 16:33:37','2025-03-16 06:59:22'),(843,60,21,4,'An absolute masterpiece!','2025-02-16 16:33:37','2025-03-16 06:59:22'),(844,60,18,1,'An absolute masterpiece!','2025-02-16 16:33:37','2025-03-16 06:59:22'),(845,60,20,4,'Interesting plot twists.','2025-02-16 16:33:37','2025-03-16 06:59:22'),(846,60,24,3,'Good but could be better.','2025-02-16 16:33:37','2025-03-16 06:59:22'),(847,60,23,5,'A solid 4-star read.','2025-02-16 16:33:37','2025-03-16 06:59:22'),(848,60,22,1,'Well written and engaging.','2025-02-16 16:33:37','2025-03-16 06:59:22'),(849,61,25,4,'A decent read but not my favorite.','2025-02-16 16:33:37','2025-03-16 06:59:22'),(850,61,27,4,'Well written and engaging.','2025-02-16 16:33:37','2025-03-16 06:59:22'),(851,61,1,5,'Not as good as I expected.','2025-02-16 16:33:37','2025-03-16 06:59:22'),(852,61,14,3,'An absolute masterpiece!','2025-02-16 16:33:37','2025-03-16 06:59:22'),(853,61,28,4,'Good but could be better.','2025-02-16 16:33:37','2025-03-16 06:59:22'),(854,61,24,1,'Well written and engaging.','2025-02-16 16:33:37','2025-03-16 06:59:22'),(855,61,13,3,'Not as good as I expected.','2025-02-16 16:33:37','2025-03-16 06:59:22'),(856,61,18,5,'A solid 4-star read.','2025-02-16 16:33:37','2025-03-16 06:59:22'),(857,61,12,3,'Interesting plot twists.','2025-02-16 16:33:37','2025-03-16 06:59:22'),(858,61,23,3,'Good but could be better.','2025-02-16 16:33:37','2025-03-16 06:59:22'),(859,61,5,5,'An absolute masterpiece!','2025-02-16 16:33:37','2025-03-16 06:59:22'),(860,62,6,1,'An absolute masterpiece!','2025-02-16 16:33:37','2025-03-16 06:59:22'),(861,62,17,4,'Interesting plot twists.','2025-02-16 16:33:37','2025-03-16 06:59:22'),(862,62,5,5,'Interesting plot twists.','2025-02-16 16:33:37','2025-03-16 06:59:22'),(863,62,18,3,'Amazing book! Highly recommended.','2025-02-16 16:33:37','2025-03-16 06:59:22'),(864,62,25,4,'Not as good as I expected.','2025-02-16 16:33:37','2025-03-16 06:59:22'),(865,62,27,4,'Not as good as I expected.','2025-02-16 16:33:37','2025-03-16 06:59:22'),(866,62,4,2,'A solid 4-star read.','2025-02-16 16:33:37','2025-03-16 06:59:22'),(867,62,22,3,'Would read again.','2025-02-16 16:33:37','2025-03-16 06:59:22'),(868,62,10,5,'Not as good as I expected.','2025-02-16 16:33:37','2025-03-16 06:59:22'),(869,62,26,5,'Good but could be better.','2025-02-16 16:33:37','2025-03-16 06:59:22'),(870,63,22,2,'Amazing book! Highly recommended.','2025-02-16 16:33:37','2025-03-16 06:59:22'),(871,63,8,5,'A solid 4-star read.','2025-02-16 16:33:37','2025-03-16 06:59:22'),(872,63,23,5,'Good but could be better.','2025-02-16 16:33:37','2025-03-16 06:59:22'),(873,63,1,2,'A decent read but not my favorite.','2025-02-16 16:33:37','2025-03-16 06:59:22'),(874,63,11,4,'A solid 4-star read.','2025-02-16 16:33:37','2025-03-16 06:59:22'),(875,63,12,2,'Loved the storyline!','2025-02-16 16:33:37','2025-03-16 06:59:22'),(876,63,3,5,'A solid 4-star read.','2025-02-16 16:33:37','2025-03-16 06:59:22'),(877,63,25,4,'Amazing book! Highly recommended.','2025-02-16 16:33:37','2025-03-16 06:59:22'),(878,63,19,4,'An absolute masterpiece!','2025-02-16 16:33:37','2025-03-16 06:59:22'),(879,63,2,1,'Amazing book! Highly recommended.','2025-02-16 16:33:37','2025-03-16 06:59:22'),(880,63,9,3,'Good but could be better.','2025-02-16 16:33:37','2025-03-16 06:59:22'),(881,63,26,3,'Interesting plot twists.','2025-02-16 16:33:37','2025-03-16 06:59:22'),(882,63,24,3,'A decent read but not my favorite.','2025-02-16 16:33:37','2025-03-16 06:59:22'),(883,63,17,5,'A solid 4-star read.','2025-02-16 16:33:37','2025-03-16 06:59:22'),(884,63,21,2,'Amazing book! Highly recommended.','2025-02-16 16:33:37','2025-03-16 06:59:22'),(885,64,21,3,'Amazing book! Highly recommended.','2025-02-16 16:33:37','2025-03-16 06:59:22'),(886,64,19,2,'Not as good as I expected.','2025-02-16 16:33:37','2025-03-16 06:59:22'),(887,64,17,4,'Interesting plot twists.','2025-02-16 16:33:37','2025-03-16 06:59:22'),(888,64,23,2,'Amazing book! Highly recommended.','2025-02-16 16:33:37','2025-03-16 06:59:22'),(889,64,8,3,'Not as good as I expected.','2025-02-16 16:33:37','2025-03-16 06:59:22'),(890,64,1,5,'Loved the storyline!','2025-02-16 16:33:37','2025-03-16 06:59:22'),(891,64,12,4,'Well written and engaging.','2025-02-16 16:33:37','2025-03-16 06:59:22'),(892,64,9,2,'Interesting plot twists.','2025-02-16 16:33:37','2025-03-16 06:59:22'),(893,64,28,5,'Amazing book! Highly recommended.','2025-02-16 16:33:37','2025-03-16 06:59:22'),(894,64,14,3,'Loved the storyline!','2025-02-16 16:33:37','2025-03-16 06:59:22'),(895,64,10,4,'A decent read but not my favorite.','2025-02-16 16:33:37','2025-03-16 06:59:22'),(896,65,4,4,'A solid 4-star read.','2025-02-16 16:33:37','2025-03-16 06:59:22'),(897,65,24,4,'Amazing book! Highly recommended.','2025-02-16 16:33:37','2025-03-16 06:59:22'),(898,65,15,4,'Well written and engaging.','2025-02-16 16:33:37','2025-03-16 06:59:22'),(899,65,5,4,'An absolute masterpiece!','2025-02-16 16:33:37','2025-03-16 06:59:22'),(900,65,27,5,'A solid 4-star read.','2025-02-16 16:33:37','2025-03-16 06:59:22'),(901,65,18,5,'Good but could be better.','2025-02-16 16:33:37','2025-03-16 06:59:22'),(902,65,9,3,'Well written and engaging.','2025-02-16 16:33:37','2025-03-16 06:59:22'),(903,65,16,4,'Well written and engaging.','2025-02-16 16:33:37','2025-03-16 06:59:22'),(904,65,21,1,'A solid 4-star read.','2025-02-16 16:33:37','2025-03-16 06:59:22'),(905,65,26,1,'Amazing book! Highly recommended.','2025-02-16 16:33:37','2025-03-16 06:59:22'),(906,65,14,5,'Not as good as I expected.','2025-02-16 16:33:37','2025-03-16 06:59:22'),(907,65,13,4,'Good but could be better.','2025-02-16 16:33:37','2025-03-16 06:59:22'),(908,65,7,3,'Interesting plot twists.','2025-02-16 16:33:37','2025-03-16 06:59:22'),(909,65,19,1,'Good but could be better.','2025-02-16 16:33:37','2025-03-16 06:59:22'),(910,66,5,3,'Amazing book! Highly recommended.','2025-02-16 16:33:37','2025-03-16 06:59:22'),(911,66,16,3,'Amazing book! Highly recommended.','2025-02-16 16:33:37','2025-03-16 06:59:22'),(912,66,6,4,'Loved the storyline!','2025-02-16 16:33:37','2025-03-16 06:59:22'),(913,66,2,2,'A solid 4-star read.','2025-02-16 16:33:37','2025-03-16 06:59:22'),(914,66,10,5,'Amazing book! Highly recommended.','2025-02-16 16:33:37','2025-03-16 06:59:22'),(915,66,18,4,'A decent read but not my favorite.','2025-02-16 16:33:37','2025-03-16 06:59:22'),(916,66,17,1,'An absolute masterpiece!','2025-02-16 16:33:37','2025-03-16 06:59:22'),(917,66,22,1,'Interesting plot twists.','2025-02-16 16:33:37','2025-03-16 06:59:22'),(918,66,8,4,'Would read again.','2025-02-16 16:33:37','2025-03-16 06:59:22'),(919,66,14,5,'A decent read but not my favorite.','2025-02-16 16:33:37','2025-03-16 06:59:22'),(920,66,20,3,'Interesting plot twists.','2025-02-16 16:33:37','2025-03-16 06:59:22'),(921,67,15,5,'A decent read but not my favorite.','2025-02-16 16:33:37','2025-03-16 06:59:22'),(922,67,28,3,'An absolute masterpiece!','2025-02-16 16:33:37','2025-03-16 06:59:22'),(923,67,26,5,'Well written and engaging.','2025-02-16 16:33:37','2025-03-16 06:59:22'),(924,67,11,5,'Well written and engaging.','2025-02-16 16:33:37','2025-03-16 06:59:22'),(925,67,21,5,'Interesting plot twists.','2025-02-16 16:33:37','2025-03-16 06:59:22'),(926,67,12,4,'Would read again.','2025-02-16 16:33:37','2025-03-16 06:59:22'),(927,67,4,5,'An absolute masterpiece!','2025-02-16 16:33:37','2025-03-16 06:59:22'),(928,67,3,5,'Well written and engaging.','2025-02-16 16:33:37','2025-03-16 06:59:22'),(929,67,17,2,'A solid 4-star read.','2025-02-16 16:33:37','2025-03-16 06:59:22'),(930,67,27,2,'Loved the storyline!','2025-02-16 16:33:37','2025-03-16 06:59:22'),(931,68,6,3,'Not as good as I expected.','2025-02-16 16:33:37','2025-03-16 06:59:22'),(932,68,27,3,'An absolute masterpiece!','2025-02-16 16:33:37','2025-03-16 06:59:22'),(933,68,19,3,'Interesting plot twists.','2025-02-16 16:33:37','2025-03-16 06:59:22'),(934,68,13,1,'Good but could be better.','2025-02-16 16:33:37','2025-03-16 06:59:22'),(935,68,18,4,'A solid 4-star read.','2025-02-16 16:33:37','2025-03-16 06:59:22'),(936,68,20,4,'Good but could be better.','2025-02-16 16:33:37','2025-03-16 06:59:22'),(937,68,8,2,'Interesting plot twists.','2025-02-16 16:33:37','2025-03-16 06:59:22'),(938,68,17,3,'Interesting plot twists.','2025-02-16 16:33:37','2025-03-16 06:59:22'),(939,68,12,3,'Well written and engaging.','2025-02-16 16:33:37','2025-03-16 06:59:22'),(940,68,25,4,'Well written and engaging.','2025-02-16 16:33:37','2025-03-16 06:59:22'),(941,68,21,5,'A solid 4-star read.','2025-02-16 16:33:37','2025-03-16 06:59:22'),(942,68,15,2,'Not as good as I expected.','2025-02-16 16:33:37','2025-03-16 06:59:22'),(943,69,11,1,'Loved the storyline!','2025-02-16 16:33:37','2025-03-16 06:59:22'),(944,69,7,1,'Amazing book! Highly recommended.','2025-02-16 16:33:37','2025-03-16 06:59:22'),(945,69,2,4,'Well written and engaging.','2025-02-16 16:33:37','2025-03-16 06:59:22'),(946,69,25,2,'Loved the storyline!','2025-02-16 16:33:37','2025-03-16 06:59:22'),(947,69,21,3,'Not as good as I expected.','2025-02-16 16:33:37','2025-03-16 06:59:22'),(948,69,3,2,'Loved the storyline!','2025-02-16 16:33:37','2025-03-16 06:59:22'),(949,69,22,1,'Not as good as I expected.','2025-02-16 16:33:37','2025-03-16 06:59:22'),(950,69,10,5,'Loved the storyline!','2025-02-16 16:33:37','2025-03-16 06:59:22'),(951,69,15,5,'Loved the storyline!','2025-02-16 16:33:37','2025-03-16 06:59:22'),(952,69,27,4,'Good but could be better.','2025-02-16 16:33:37','2025-03-16 06:59:22'),(953,69,5,2,'Interesting plot twists.','2025-02-16 16:33:37','2025-03-16 06:59:22'),(954,70,3,5,'Not as good as I expected.','2025-02-16 16:33:37','2025-03-16 06:59:22'),(955,70,22,4,'Not as good as I expected.','2025-02-16 16:33:37','2025-03-16 06:59:22'),(956,70,2,5,'An absolute masterpiece!','2025-02-16 16:33:37','2025-03-16 06:59:22'),(957,70,26,5,'Well written and engaging.','2025-02-16 16:33:37','2025-03-16 06:59:22'),(958,70,15,5,'Amazing book! Highly recommended.','2025-02-16 16:33:37','2025-03-16 06:59:22'),(959,70,13,1,'Loved the storyline!','2025-02-16 16:33:37','2025-03-16 06:59:22'),(960,70,4,3,'Loved the storyline!','2025-02-16 16:33:37','2025-03-16 06:59:22'),(961,70,28,3,'Good but could be better.','2025-02-16 16:33:37','2025-03-16 06:59:22'),(962,70,23,3,'Good but could be better.','2025-02-16 16:33:37','2025-03-16 06:59:22'),(963,71,3,1,'A decent read but not my favorite.','2025-02-16 16:33:37','2025-03-16 06:59:22'),(964,71,28,3,'A decent read but not my favorite.','2025-02-16 16:33:37','2025-03-16 06:59:22'),(965,71,14,5,'Amazing book! Highly recommended.','2025-02-16 16:33:37','2025-03-16 06:59:22'),(966,71,5,3,'Good but could be better.','2025-02-16 16:33:37','2025-03-16 06:59:22'),(967,71,26,1,'An absolute masterpiece!','2025-02-16 16:33:37','2025-03-16 06:59:22'),(968,71,25,5,'Amazing book! Highly recommended.','2025-02-16 16:33:37','2025-03-16 06:59:22'),(969,71,19,5,'An absolute masterpiece!','2025-02-16 16:33:37','2025-03-16 06:59:22'),(970,71,6,3,'A solid 4-star read.','2025-02-16 16:33:37','2025-03-16 06:59:22'),(971,71,10,1,'Loved the storyline!','2025-02-16 16:33:37','2025-03-16 06:59:22'),(972,71,11,1,'Interesting plot twists.','2025-02-16 16:33:37','2025-03-16 06:59:22'),(973,71,2,3,'Good but could be better.','2025-02-16 16:33:37','2025-03-16 06:59:22'),(974,71,23,3,'Well written and engaging.','2025-02-16 16:33:37','2025-03-16 06:59:22'),(975,71,7,2,'Would read again.','2025-02-16 16:33:37','2025-03-16 06:59:22'),(976,71,13,3,'Interesting plot twists.','2025-02-16 16:33:37','2025-03-16 06:59:22'),(977,72,9,3,'A solid 4-star read.','2025-02-16 16:33:37','2025-03-16 06:59:22'),(978,72,1,5,'Would read again.','2025-02-16 16:33:37','2025-03-16 06:59:22'),(979,72,15,4,'Would read again.','2025-02-16 16:33:37','2025-03-16 06:59:22'),(980,72,5,2,'Would read again.','2025-02-16 16:33:37','2025-03-16 06:59:22'),(981,72,28,1,'Not as good as I expected.','2025-02-16 16:33:37','2025-03-16 06:59:22'),(982,72,8,5,'Loved the storyline!','2025-02-16 16:33:37','2025-03-16 06:59:22'),(983,72,20,5,'Good but could be better.','2025-02-16 16:33:37','2025-03-16 06:59:22'),(984,72,17,5,'A solid 4-star read.','2025-02-16 16:33:37','2025-03-16 06:59:22'),(985,72,26,2,'Interesting plot twists.','2025-02-16 16:33:37','2025-03-16 06:59:22'),(986,72,11,5,'A solid 4-star read.','2025-02-16 16:33:37','2025-03-16 06:59:22'),(987,72,10,3,'A solid 4-star read.','2025-02-16 16:33:37','2025-03-16 06:59:22'),(988,72,24,3,'Loved the storyline!','2025-02-16 16:33:37','2025-03-16 06:59:22'),(989,72,18,4,'Amazing book! Highly recommended.','2025-02-16 16:33:37','2025-03-16 06:59:22'),(990,73,3,4,'A solid 4-star read.','2025-02-16 16:33:37','2025-03-16 06:59:22'),(991,73,4,5,'Interesting plot twists.','2025-02-16 16:33:37','2025-03-16 06:59:22'),(992,73,14,2,'A decent read but not my favorite.','2025-02-16 16:33:37','2025-03-16 06:59:22'),(993,73,23,3,'A solid 4-star read.','2025-02-16 16:33:37','2025-03-16 06:59:22'),(994,73,16,4,'Well written and engaging.','2025-02-16 16:33:37','2025-03-16 06:59:22'),(995,73,1,1,'Amazing book! Highly recommended.','2025-02-16 16:33:37','2025-03-16 06:59:22'),(996,73,20,5,'Supper','2025-02-19 08:44:37','2025-03-16 06:59:22'),(997,1,7,5,'Love it!','2025-02-19 08:44:37','2025-03-16 06:59:22'),(999,1,14,4,'Amazing book!','2025-03-16 06:48:51','2025-03-16 06:59:22'),(1000,1,15,4,'A must read book!','2025-03-17 05:39:25','2025-03-17 05:39:25'),(1001,1,28,3,'Decent book.','2025-03-17 05:52:26','2025-03-17 05:52:26'),(1002,146,39,4,'Nicebook','2025-05-08 11:00:44','2025-05-08 11:01:49'),(1003,94,39,4,'Bad','2025-05-08 11:09:01','2025-05-08 11:25:43'),(1004,180,39,4,'Well written book','2025-05-09 07:01:09','2025-05-09 07:02:16');
/*!40000 ALTER TABLE `reviews` ENABLE KEYS */;
UNLOCK TABLES;
/*!50003 SET @saved_cs_client      = @@character_set_client */ ;
/*!50003 SET @saved_cs_results     = @@character_set_results */ ;
/*!50003 SET @saved_col_connection = @@collation_connection */ ;
/*!50003 SET character_set_client  = utf8mb4 */ ;
/*!50003 SET character_set_results = utf8mb4 */ ;
/*!50003 SET collation_connection  = utf8mb4_0900_ai_ci */ ;
/*!50003 SET @saved_sql_mode       = @@sql_mode */ ;
/*!50003 SET sql_mode              = 'ONLY_FULL_GROUP_BY,STRICT_TRANS_TABLES,NO_ZERO_IN_DATE,NO_ZERO_DATE,ERROR_FOR_DIVISION_BY_ZERO,NO_ENGINE_SUBSTITUTION' */ ;
DELIMITER ;;
/*!50003 CREATE*/ /*!50017 DEFINER=`root`@`localhost`*/ /*!50003 TRIGGER `BeforeInsertReview` BEFORE INSERT ON `reviews` FOR EACH ROW BEGIN
    -- Prevent duplicate review from the same user for the same book
    IF EXISTS (
        SELECT 1 FROM reviews 
        WHERE book_id = NEW.book_id AND user_id = NEW.user_id
    ) THEN
        SIGNAL SQLSTATE '45000'
        SET MESSAGE_TEXT = 'User has already reviewed this book';
    END IF;

    -- Set default rating if NULL
    IF NEW.rating IS NULL THEN
        SET NEW.rating = 3;
    END IF;
END */;;
DELIMITER ;
/*!50003 SET sql_mode              = @saved_sql_mode */ ;
/*!50003 SET character_set_client  = @saved_cs_client */ ;
/*!50003 SET character_set_results = @saved_cs_results */ ;
/*!50003 SET collation_connection  = @saved_col_connection */ ;
/*!50003 SET @saved_cs_client      = @@character_set_client */ ;
/*!50003 SET @saved_cs_results     = @@character_set_results */ ;
/*!50003 SET @saved_col_connection = @@collation_connection */ ;
/*!50003 SET character_set_client  = utf8mb4 */ ;
/*!50003 SET character_set_results = utf8mb4 */ ;
/*!50003 SET collation_connection  = utf8mb4_0900_ai_ci */ ;
/*!50003 SET @saved_sql_mode       = @@sql_mode */ ;
/*!50003 SET sql_mode              = 'ONLY_FULL_GROUP_BY,STRICT_TRANS_TABLES,NO_ZERO_IN_DATE,NO_ZERO_DATE,ERROR_FOR_DIVISION_BY_ZERO,NO_ENGINE_SUBSTITUTION' */ ;
DELIMITER ;;
/*!50003 CREATE*/ /*!50017 DEFINER=`root`@`localhost`*/ /*!50003 TRIGGER `AfterInsertReview` AFTER INSERT ON `reviews` FOR EACH ROW BEGIN
    -- Update book's average rating and review count
    UPDATE books
    SET average_rating = GetAverageRating(NEW.book_id),
        total_reviews = GetReviewCount(NEW.book_id)
    WHERE book_id = NEW.book_id;
END */;;
DELIMITER ;
/*!50003 SET sql_mode              = @saved_sql_mode */ ;
/*!50003 SET character_set_client  = @saved_cs_client */ ;
/*!50003 SET character_set_results = @saved_cs_results */ ;
/*!50003 SET collation_connection  = @saved_col_connection */ ;
/*!50003 SET @saved_cs_client      = @@character_set_client */ ;
/*!50003 SET @saved_cs_results     = @@character_set_results */ ;
/*!50003 SET @saved_col_connection = @@collation_connection */ ;
/*!50003 SET character_set_client  = utf8mb4 */ ;
/*!50003 SET character_set_results = utf8mb4 */ ;
/*!50003 SET collation_connection  = utf8mb4_0900_ai_ci */ ;
/*!50003 SET @saved_sql_mode       = @@sql_mode */ ;
/*!50003 SET sql_mode              = 'ONLY_FULL_GROUP_BY,STRICT_TRANS_TABLES,NO_ZERO_IN_DATE,NO_ZERO_DATE,ERROR_FOR_DIVISION_BY_ZERO,NO_ENGINE_SUBSTITUTION' */ ;
DELIMITER ;;
/*!50003 CREATE*/ /*!50017 DEFINER=`root`@`localhost`*/ /*!50003 TRIGGER `AfterUpdateReviewTimestamp` BEFORE UPDATE ON `reviews` FOR EACH ROW BEGIN
    -- Update the last modified timestamp when a review is updated
    SET NEW.updated_at = NOW();
END */;;
DELIMITER ;
/*!50003 SET sql_mode              = @saved_sql_mode */ ;
/*!50003 SET character_set_client  = @saved_cs_client */ ;
/*!50003 SET character_set_results = @saved_cs_results */ ;
/*!50003 SET collation_connection  = @saved_col_connection */ ;
/*!50003 SET @saved_cs_client      = @@character_set_client */ ;
/*!50003 SET @saved_cs_results     = @@character_set_results */ ;
/*!50003 SET @saved_col_connection = @@collation_connection */ ;
/*!50003 SET character_set_client  = utf8mb4 */ ;
/*!50003 SET character_set_results = utf8mb4 */ ;
/*!50003 SET collation_connection  = utf8mb4_0900_ai_ci */ ;
/*!50003 SET @saved_sql_mode       = @@sql_mode */ ;
/*!50003 SET sql_mode              = 'ONLY_FULL_GROUP_BY,STRICT_TRANS_TABLES,NO_ZERO_IN_DATE,NO_ZERO_DATE,ERROR_FOR_DIVISION_BY_ZERO,NO_ENGINE_SUBSTITUTION' */ ;
DELIMITER ;;
/*!50003 CREATE*/ /*!50017 DEFINER=`root`@`localhost`*/ /*!50003 TRIGGER `BeforeUpdateReviewCheck` BEFORE UPDATE ON `reviews` FOR EACH ROW BEGIN
    -- Prevent rating from dropping by more than 2 points
    IF OLD.rating - NEW.rating > 2 THEN
        SIGNAL SQLSTATE '45000'
        SET MESSAGE_TEXT = 'You cannot reduce the rating by more than 2 points';
    END IF;
END */;;
DELIMITER ;
/*!50003 SET sql_mode              = @saved_sql_mode */ ;
/*!50003 SET character_set_client  = @saved_cs_client */ ;
/*!50003 SET character_set_results = @saved_cs_results */ ;
/*!50003 SET collation_connection  = @saved_col_connection */ ;
/*!50003 SET @saved_cs_client      = @@character_set_client */ ;
/*!50003 SET @saved_cs_results     = @@character_set_results */ ;
/*!50003 SET @saved_col_connection = @@collation_connection */ ;
/*!50003 SET character_set_client  = utf8mb4 */ ;
/*!50003 SET character_set_results = utf8mb4 */ ;
/*!50003 SET collation_connection  = utf8mb4_0900_ai_ci */ ;
/*!50003 SET @saved_sql_mode       = @@sql_mode */ ;
/*!50003 SET sql_mode              = 'ONLY_FULL_GROUP_BY,STRICT_TRANS_TABLES,NO_ZERO_IN_DATE,NO_ZERO_DATE,ERROR_FOR_DIVISION_BY_ZERO,NO_ENGINE_SUBSTITUTION' */ ;
DELIMITER ;;
/*!50003 CREATE*/ /*!50017 DEFINER=`root`@`localhost`*/ /*!50003 TRIGGER `AfterUpdateReviewRating` AFTER UPDATE ON `reviews` FOR EACH ROW BEGIN
    -- Only update if the rating has changed
    IF OLD.rating <> NEW.rating THEN
        UPDATE books
        SET average_rating = (SELECT AVG(rating) FROM reviews WHERE book_id = NEW.book_id)
        WHERE book_id = NEW.book_id;
    END IF;
END */;;
DELIMITER ;
/*!50003 SET sql_mode              = @saved_sql_mode */ ;
/*!50003 SET character_set_client  = @saved_cs_client */ ;
/*!50003 SET character_set_results = @saved_cs_results */ ;
/*!50003 SET collation_connection  = @saved_col_connection */ ;
/*!50003 SET @saved_cs_client      = @@character_set_client */ ;
/*!50003 SET @saved_cs_results     = @@character_set_results */ ;
/*!50003 SET @saved_col_connection = @@collation_connection */ ;
/*!50003 SET character_set_client  = utf8mb4 */ ;
/*!50003 SET character_set_results = utf8mb4 */ ;
/*!50003 SET collation_connection  = utf8mb4_0900_ai_ci */ ;
/*!50003 SET @saved_sql_mode       = @@sql_mode */ ;
/*!50003 SET sql_mode              = 'ONLY_FULL_GROUP_BY,STRICT_TRANS_TABLES,NO_ZERO_IN_DATE,NO_ZERO_DATE,ERROR_FOR_DIVISION_BY_ZERO,NO_ENGINE_SUBSTITUTION' */ ;
DELIMITER ;;
/*!50003 CREATE*/ /*!50017 DEFINER=`root`@`localhost`*/ /*!50003 TRIGGER `AfterDeleteReview` AFTER DELETE ON `reviews` FOR EACH ROW BEGIN
    -- Update book's average rating and total review count after a review is deleted
    UPDATE books
    SET average_rating = GetAverageRating(OLD.book_id),
        total_reviews = GetReviewCount(OLD.book_id)
    WHERE book_id = OLD.book_id;
END */;;
DELIMITER ;
/*!50003 SET sql_mode              = @saved_sql_mode */ ;
/*!50003 SET character_set_client  = @saved_cs_client */ ;
/*!50003 SET character_set_results = @saved_cs_results */ ;
/*!50003 SET collation_connection  = @saved_col_connection */ ;

--
-- Table structure for table `users`
--

DROP TABLE IF EXISTS `users`;
/*!40101 SET @saved_cs_client     = @@character_set_client */;
/*!50503 SET character_set_client = utf8mb4 */;
CREATE TABLE `users` (
  `user_id` int NOT NULL AUTO_INCREMENT,
  `username` varchar(45) NOT NULL,
  `email` varchar(45) NOT NULL,
  `password` varchar(45) NOT NULL,
  `account_status` enum('active','inactive','banned') DEFAULT 'active',
  `last_login` datetime DEFAULT NULL,
  `created_at` timestamp NULL DEFAULT CURRENT_TIMESTAMP,
  `role` enum('admin','user') NOT NULL DEFAULT 'user',
  PRIMARY KEY (`user_id`),
  UNIQUE KEY `username_UNIQUE` (`username`),
  UNIQUE KEY `email_UNIQUE` (`email`)
) ENGINE=InnoDB AUTO_INCREMENT=41 DEFAULT CHARSET=utf8mb4 COLLATE=utf8mb4_0900_ai_ci;
/*!40101 SET character_set_client = @saved_cs_client */;

--
-- Dumping data for table `users`
--

LOCK TABLES `users` WRITE;
/*!40000 ALTER TABLE `users` DISABLE KEYS */;
INSERT INTO `users` VALUES (1,'aba2022-3652-79620','aba2022-3652-79620@bicol-u.edu.ph','236d6df7ad497587994bca69f95881f6a33b61dede91b','active','2025-04-01 16:52:38','2025-02-14 14:35:12','user'),(2,'kaja2022-2721-41239','kaja2022-2721-41239@bicol-u.edu.ph','3315629ebd4b4ea812fd090046ad7c02188a5370a63be','active','2025-04-01 16:52:38','2025-02-14 14:35:12','user'),(3,'jopa2022-8743-81295','jopa2022-8743-81295@bicol-u.edu.ph','9d830f5c4cb118f73d66d5dfe2463c34622047331e640','active','2025-04-01 16:52:38','2025-02-14 14:35:12','user'),(4,'jpb2022-6199-96955','jpb2022-6199-96955@bicol-u.edu.ph','1c885ed97713691d2cf879e92078a521ff0862bf7377e','active','2025-04-01 16:52:38','2025-02-14 14:35:12','user'),(5,'rjdb2022-2964-68892','rjdb2022-2964-68892@bicol-u.edu.ph','ab77d85d80cf3bbc538beee2cb6116c77bbb98de1d617','active','2025-04-01 16:52:38','2025-02-14 14:35:12','user'),(6,'jjgb2022-7633-85760','jjgb2022-7633-85760@bicol-u.edu.ph','7e197e9841856a41d079642a88e0080129dc397948bc2','active','2025-04-01 16:52:38','2025-02-14 14:35:12','user'),(7,'jbc2022-2277-90329','jbc2022-2277-90329@bicol-u.edu.ph','214dcdff4055a7ac6ef202a47b34a1816fc5e339b5d2d','active','2025-04-01 16:52:38','2025-02-14 14:35:12','user'),(8,'rc2022-8692-35826','rc2022-8692-35826@bicol-u.edu.ph','46ec9ad896ca4714642e12faa5f6ea2aaaa83ac776de1','active','2025-04-01 16:52:38','2025-02-14 14:35:12','user'),(9,'mqc2022-7129-19596','mqc2022-7129-19596@bicol-u.edu.ph','a8df23931859d4ecb8f04f295fe780c26b4fb57638754','active','2025-04-01 16:52:38','2025-02-14 14:35:12','user'),(10,'fjsd2022-7053-68397','fjsd2022-7053-68397@bicol-u.edu.ph','b9a265a0fb01fe5f8cf9a55ab4aee34ab8541315cacdb','active','2025-04-01 16:52:38','2025-02-14 14:35:12','user'),(11,'plmj2022-6325-62187','plmj2022-6325-62187@bicol-u.edu.ph','a70c5ab535760ff0d09e9dfd926514b6a0796136ff1da','active','2025-04-01 16:52:38','2025-02-14 14:35:12','user'),(12,'mnl2022-1999-95982','mnl2022-1999-95982@bicol-u.edu.ph','7eb75f234af2ce80d5af901273ffec55a0469b9632b82','active','2025-04-01 16:52:38','2025-02-14 14:35:12','user'),(13,'pgam2022-5740-97655','pgam2022-5740-97655@bicol-u.edu.ph','291c36f02d72b191c21063434061936b4b9d2dbcc4495','active','2025-04-01 16:52:38','2025-02-14 14:35:12','user'),(14,'cjbm2022-7360-36736','cjbm2022-7360-36736@bicol-u.edu.ph','bc8444d22222309ead58a479dd0c48366630f2a145704','active','2025-04-01 16:52:38','2025-02-14 14:35:12','user'),(15,'gatm2022-9514-13306','gatm2022-9514-13306@bicol-u.edu.ph','88e0762c978a2e5b12deddd56e20be25dffa4f3ba4982','active','2025-04-01 16:52:38','2025-02-14 14:35:12','user'),(16,'nmln2022-2720-25633','nmln2022-2720-25633@bicol-u.edu.ph','74e73f9635bb9c283af636891b6bfcfa3152b855b31f2','active','2025-04-01 16:52:38','2025-02-14 14:35:12','user'),(17,'ytn2022-9703-63780','ytn2022-9703-63780@bicol-u.edu.ph','2969659a1d4043c9bd73ed1883bb751da2db8e867c1ac','active','2025-04-01 16:52:38','2025-02-14 14:35:12','user'),(18,'lzfaq2022-9369-17258','lzfaq2022-9369-17258@bicol-u.edu.ph','222ded4e6c750abdbe237b7e7789ff7f975363659ae2c','active','2025-04-01 16:52:38','2025-02-14 14:35:12','user'),(19,'jaor2022-6131-98317','jaor2022-6131-98317@bicol-u.edu.ph','8ae7ce9c452b3016f12f10c83a54b864e80b8c775a8fe','active','2025-04-01 16:52:38','2025-02-14 14:35:12','user'),(20,'pdbr2022-1380-92772','pdbr2022-1380-92772@bicol-u.edu.ph','0d3e8ab91401f21a317b90fe77e7db3e490034d55702c','active','2025-04-01 16:52:38','2025-02-14 14:35:12','user'),(21,'cjds2022-3681-18667','cjds2022-3681-18667@bicol-u.edu.ph','4ee5cd707acf93b6ac3f748aacfec507c007077581be4','inactive',NULL,'2025-02-14 14:35:12','user'),(22,'jrns2022-4518-93552','jrns2022-4518-93552@bicol-u.edu.ph','5f2cc7136f7fc9af1ac654e7b1757d6f1f800c669d624','inactive',NULL,'2025-02-14 14:35:12','user'),(23,'lmbb2022-2851-76296','lmbb2022-2851-76296@bicol-u.edu.ph','080e10777b4a3d9d2111b43ff62ba32fe29d50d7465fc','inactive',NULL,'2025-02-14 14:35:12','user'),(24,'mabb2022-3195-82184','mabb2022-3195-82184@bicol-u.edu.ph','2bb5e7e80593bc0c51c990ef791bff76d497a451e0a7c','inactive',NULL,'2025-02-14 14:35:12','user'),(25,'amc2022-9030-11739','amc2022-9030-11739@bicol-u.edu.ph','ee5c212f63187ed64afacfc87acda03fd72653c2c679b','inactive',NULL,'2025-02-14 14:35:12','user'),(26,'gabl2022-1866-69048','gabl2022-1866-69048@bicol-u.edu.ph','eb35fca449710c06041fb044ad39e4327ee871fab03b7','inactive',NULL,'2025-02-14 14:35:12','user'),(27,'sca2022-3381-15002','sca2022-3381-15002@bicol-u.edu.ph','9a524ec7d0371f9e90c11d29a5018dd3b4400c99c1581','inactive','2022-01-01 12:12:12','2021-02-14 14:35:12','user'),(28,'aada2022-5733-94833','aada2022-5733-94833@bicol-u.edu.ph','b0681118cf003741241b85bf0f749e767e100b7028585','inactive','2022-01-01 12:12:12','2021-02-14 14:35:12','user'),(29,'admin2025','admin2025@gmail.com','Admin12345','active',NULL,'2025-04-11 14:41:55','admin'),(39,'james144','james14@gmail.com','Jameees111','active',NULL,'2025-05-07 18:29:15','user');
/*!40000 ALTER TABLE `users` ENABLE KEYS */;
UNLOCK TABLES;

--
-- Temporary view structure for view `view_book_reviews`
--

DROP TABLE IF EXISTS `view_book_reviews`;
/*!50001 DROP VIEW IF EXISTS `view_book_reviews`*/;
SET @saved_cs_client     = @@character_set_client;
/*!50503 SET character_set_client = utf8mb4 */;
/*!50001 CREATE VIEW `view_book_reviews` AS SELECT 
 1 AS `review_id`,
 1 AS `user_id`,
 1 AS `username`,
 1 AS `book_id`,
 1 AS `book_title`,
 1 AS `review_comment`,
 1 AS `rating`,
 1 AS `created_at`*/;
SET character_set_client = @saved_cs_client;

--
-- Temporary view structure for view `view_books_authors-na`
--

DROP TABLE IF EXISTS `view_books_authors-na`;
/*!50001 DROP VIEW IF EXISTS `view_books_authors-na`*/;
SET @saved_cs_client     = @@character_set_client;
/*!50503 SET character_set_client = utf8mb4 */;
/*!50001 CREATE VIEW `view_books_authors-na` AS SELECT 
 1 AS `book_id`,
 1 AS `book_title`,
 1 AS `published_date`,
 1 AS `authors`*/;
SET character_set_client = @saved_cs_client;

--
-- Temporary view structure for view `view_books_genres-na`
--

DROP TABLE IF EXISTS `view_books_genres-na`;
/*!50001 DROP VIEW IF EXISTS `view_books_genres-na`*/;
SET @saved_cs_client     = @@character_set_client;
/*!50503 SET character_set_client = utf8mb4 */;
/*!50001 CREATE VIEW `view_books_genres-na` AS SELECT 
 1 AS `book_id`,
 1 AS `book_title`,
 1 AS `genres`*/;
SET character_set_client = @saved_cs_client;

--
-- Temporary view structure for view `view_most_reviewed_books-na`
--

DROP TABLE IF EXISTS `view_most_reviewed_books-na`;
/*!50001 DROP VIEW IF EXISTS `view_most_reviewed_books-na`*/;
SET @saved_cs_client     = @@character_set_client;
/*!50503 SET character_set_client = utf8mb4 */;
/*!50001 CREATE VIEW `view_most_reviewed_books-na` AS SELECT 
 1 AS `book_id`,
 1 AS `book_title`,
 1 AS `review_count`*/;
SET character_set_client = @saved_cs_client;

--
-- Temporary view structure for view `view_updatable_author_books`
--

DROP TABLE IF EXISTS `view_updatable_author_books`;
/*!50001 DROP VIEW IF EXISTS `view_updatable_author_books`*/;
SET @saved_cs_client     = @@character_set_client;
/*!50503 SET character_set_client = utf8mb4 */;
/*!50001 CREATE VIEW `view_updatable_author_books` AS SELECT 
 1 AS `book_id`,
 1 AS `book_title`,
 1 AS `author_id`,
 1 AS `author_name`*/;
SET character_set_client = @saved_cs_client;

--
-- Dumping events for database 'book_review'
--
/*!50106 SET @save_time_zone= @@TIME_ZONE */ ;
/*!50106 DROP EVENT IF EXISTS `DeactivateInactiveUsers` */;
DELIMITER ;;
/*!50003 SET @saved_cs_client      = @@character_set_client */ ;;
/*!50003 SET @saved_cs_results     = @@character_set_results */ ;;
/*!50003 SET @saved_col_connection = @@collation_connection */ ;;
/*!50003 SET character_set_client  = utf8mb4 */ ;;
/*!50003 SET character_set_results = utf8mb4 */ ;;
/*!50003 SET collation_connection  = utf8mb4_0900_ai_ci */ ;;
/*!50003 SET @saved_sql_mode       = @@sql_mode */ ;;
/*!50003 SET sql_mode              = 'ONLY_FULL_GROUP_BY,STRICT_TRANS_TABLES,NO_ZERO_IN_DATE,NO_ZERO_DATE,ERROR_FOR_DIVISION_BY_ZERO,NO_ENGINE_SUBSTITUTION' */ ;;
/*!50003 SET @saved_time_zone      = @@time_zone */ ;;
/*!50003 SET time_zone             = 'SYSTEM' */ ;;
/*!50106 CREATE*/ /*!50117 DEFINER=`root`@`localhost`*/ /*!50106 EVENT `DeactivateInactiveUsers` ON SCHEDULE AT '2025-04-03 12:02:29' ON COMPLETION PRESERVE DISABLE DO BEGIN
    UPDATE users
    SET account_status = 'inactive'
    WHERE last_login IS NULL OR last_login < NOW() - INTERVAL 1 YEAR;
END */ ;;
/*!50003 SET time_zone             = @saved_time_zone */ ;;
/*!50003 SET sql_mode              = @saved_sql_mode */ ;;
/*!50003 SET character_set_client  = @saved_cs_client */ ;;
/*!50003 SET character_set_results = @saved_cs_results */ ;;
/*!50003 SET collation_connection  = @saved_col_connection */ ;;
/*!50106 DROP EVENT IF EXISTS `UpdateNowPopularityScoresOnce` */;;
DELIMITER ;;
/*!50003 SET @saved_cs_client      = @@character_set_client */ ;;
/*!50003 SET @saved_cs_results     = @@character_set_results */ ;;
/*!50003 SET @saved_col_connection = @@collation_connection */ ;;
/*!50003 SET character_set_client  = utf8mb4 */ ;;
/*!50003 SET character_set_results = utf8mb4 */ ;;
/*!50003 SET collation_connection  = utf8mb4_0900_ai_ci */ ;;
/*!50003 SET @saved_sql_mode       = @@sql_mode */ ;;
/*!50003 SET sql_mode              = 'ONLY_FULL_GROUP_BY,STRICT_TRANS_TABLES,NO_ZERO_IN_DATE,NO_ZERO_DATE,ERROR_FOR_DIVISION_BY_ZERO,NO_ENGINE_SUBSTITUTION' */ ;;
/*!50003 SET @saved_time_zone      = @@time_zone */ ;;
/*!50003 SET time_zone             = 'SYSTEM' */ ;;
/*!50106 CREATE*/ /*!50117 DEFINER=`root`@`localhost`*/ /*!50106 EVENT `UpdateNowPopularityScoresOnce` ON SCHEDULE AT '2025-05-09 15:33:32' ON COMPLETION PRESERVE DISABLE DO BEGIN
    UPDATE books
    SET popularity_score = (average_rating * total_reviews);
END */ ;;
/*!50003 SET time_zone             = @saved_time_zone */ ;;
/*!50003 SET sql_mode              = @saved_sql_mode */ ;;
/*!50003 SET character_set_client  = @saved_cs_client */ ;;
/*!50003 SET character_set_results = @saved_cs_results */ ;;
/*!50003 SET collation_connection  = @saved_col_connection */ ;;
/*!50106 DROP EVENT IF EXISTS `UpdatePopularityScores` */;;
DELIMITER ;;
/*!50003 SET @saved_cs_client      = @@character_set_client */ ;;
/*!50003 SET @saved_cs_results     = @@character_set_results */ ;;
/*!50003 SET @saved_col_connection = @@collation_connection */ ;;
/*!50003 SET character_set_client  = utf8mb4 */ ;;
/*!50003 SET character_set_results = utf8mb4 */ ;;
/*!50003 SET collation_connection  = utf8mb4_0900_ai_ci */ ;;
/*!50003 SET @saved_sql_mode       = @@sql_mode */ ;;
/*!50003 SET sql_mode              = 'ONLY_FULL_GROUP_BY,STRICT_TRANS_TABLES,NO_ZERO_IN_DATE,NO_ZERO_DATE,ERROR_FOR_DIVISION_BY_ZERO,NO_ENGINE_SUBSTITUTION' */ ;;
/*!50003 SET @saved_time_zone      = @@time_zone */ ;;
/*!50003 SET time_zone             = 'SYSTEM' */ ;;
/*!50106 CREATE*/ /*!50117 DEFINER=`root`@`localhost`*/ /*!50106 EVENT `UpdatePopularityScores` ON SCHEDULE EVERY 1 WEEK STARTS '2025-04-03 12:14:42' ON COMPLETION PRESERVE ENABLE DO BEGIN
    UPDATE books
    SET popularity_score = (average_rating * total_reviews);
END */ ;;
/*!50003 SET time_zone             = @saved_time_zone */ ;;
/*!50003 SET sql_mode              = @saved_sql_mode */ ;;
/*!50003 SET character_set_client  = @saved_cs_client */ ;;
/*!50003 SET character_set_results = @saved_cs_results */ ;;
/*!50003 SET collation_connection  = @saved_col_connection */ ;;
DELIMITER ;
/*!50106 SET TIME_ZONE= @save_time_zone */ ;

--
-- Dumping routines for database 'book_review'
--
/*!50003 DROP FUNCTION IF EXISTS `GetAverageRating` */;
/*!50003 SET @saved_cs_client      = @@character_set_client */ ;
/*!50003 SET @saved_cs_results     = @@character_set_results */ ;
/*!50003 SET @saved_col_connection = @@collation_connection */ ;
/*!50003 SET character_set_client  = utf8mb4 */ ;
/*!50003 SET character_set_results = utf8mb4 */ ;
/*!50003 SET collation_connection  = utf8mb4_0900_ai_ci */ ;
/*!50003 SET @saved_sql_mode       = @@sql_mode */ ;
/*!50003 SET sql_mode              = 'ONLY_FULL_GROUP_BY,STRICT_TRANS_TABLES,NO_ZERO_IN_DATE,NO_ZERO_DATE,ERROR_FOR_DIVISION_BY_ZERO,NO_ENGINE_SUBSTITUTION' */ ;
DELIMITER ;;
CREATE DEFINER=`root`@`localhost` FUNCTION `GetAverageRating`(book_id INT) RETURNS double
    DETERMINISTIC
BEGIN
    DECLARE avg_rating DOUBLE;

    SELECT ROUND(AVG(rating), 2) 
    INTO avg_rating
    FROM reviews
    WHERE reviews.book_id = book_id;

    RETURN IFNULL(avg_rating, 0);
END ;;
DELIMITER ;
/*!50003 SET sql_mode              = @saved_sql_mode */ ;
/*!50003 SET character_set_client  = @saved_cs_client */ ;
/*!50003 SET character_set_results = @saved_cs_results */ ;
/*!50003 SET collation_connection  = @saved_col_connection */ ;
/*!50003 DROP FUNCTION IF EXISTS `GetBookPopularity` */;
/*!50003 SET @saved_cs_client      = @@character_set_client */ ;
/*!50003 SET @saved_cs_results     = @@character_set_results */ ;
/*!50003 SET @saved_col_connection = @@collation_connection */ ;
/*!50003 SET character_set_client  = utf8mb4 */ ;
/*!50003 SET character_set_results = utf8mb4 */ ;
/*!50003 SET collation_connection  = utf8mb4_0900_ai_ci */ ;
/*!50003 SET @saved_sql_mode       = @@sql_mode */ ;
/*!50003 SET sql_mode              = 'ONLY_FULL_GROUP_BY,STRICT_TRANS_TABLES,NO_ZERO_IN_DATE,NO_ZERO_DATE,ERROR_FOR_DIVISION_BY_ZERO,NO_ENGINE_SUBSTITUTION' */ ;
DELIMITER ;;
CREATE DEFINER=`root`@`localhost` FUNCTION `GetBookPopularity`(book_id INT) RETURNS varchar(20) CHARSET utf8mb4
    DETERMINISTIC
BEGIN
    DECLARE review_count INT;
    DECLARE avg_rating DECIMAL(3,2);

    -- Get total number of reviews
    SELECT COUNT(*) INTO review_count 
    FROM reviews 
    WHERE reviews.book_id = book_id;

    -- Get average rating
    SELECT COALESCE(AVG(rating), 0) INTO avg_rating 
    FROM reviews 
    WHERE reviews.book_id = book_id;

    -- Determine popularity based on BOTH review count and average rating
    RETURN CASE 
        WHEN review_count >= 20 AND avg_rating >= 3.0 THEN 'Very Popular'
        WHEN review_count >= 10 AND avg_rating >= 2.5 THEN 'Popular'
        WHEN review_count >= 5 AND avg_rating >= 2.0 THEN 'Moderately Popular'
        ELSE 'Less Popular'
    END;
END ;;
DELIMITER ;
/*!50003 SET sql_mode              = @saved_sql_mode */ ;
/*!50003 SET character_set_client  = @saved_cs_client */ ;
/*!50003 SET character_set_results = @saved_cs_results */ ;
/*!50003 SET collation_connection  = @saved_col_connection */ ;
/*!50003 DROP FUNCTION IF EXISTS `GetBookReviewStatus` */;
/*!50003 SET @saved_cs_client      = @@character_set_client */ ;
/*!50003 SET @saved_cs_results     = @@character_set_results */ ;
/*!50003 SET @saved_col_connection = @@collation_connection */ ;
/*!50003 SET character_set_client  = utf8mb4 */ ;
/*!50003 SET character_set_results = utf8mb4 */ ;
/*!50003 SET collation_connection  = utf8mb4_0900_ai_ci */ ;
/*!50003 SET @saved_sql_mode       = @@sql_mode */ ;
/*!50003 SET sql_mode              = 'ONLY_FULL_GROUP_BY,STRICT_TRANS_TABLES,NO_ZERO_IN_DATE,NO_ZERO_DATE,ERROR_FOR_DIVISION_BY_ZERO,NO_ENGINE_SUBSTITUTION' */ ;
DELIMITER ;;
CREATE DEFINER=`root`@`localhost` FUNCTION `GetBookReviewStatus`(book_id INT, user_id INT) RETURNS char(15) CHARSET utf8mb4
    DETERMINISTIC
BEGIN
    IF EXISTS (
        SELECT 1 FROM reviews 
        WHERE book_id = book_id AND user_id = user_id
    ) THEN
        RETURN 'Reviewed';
    ELSE
        RETURN 'Not Reviewed';
    END IF;
END ;;
DELIMITER ;
/*!50003 SET sql_mode              = @saved_sql_mode */ ;
/*!50003 SET character_set_client  = @saved_cs_client */ ;
/*!50003 SET character_set_results = @saved_cs_results */ ;
/*!50003 SET collation_connection  = @saved_col_connection */ ;
/*!50003 DROP FUNCTION IF EXISTS `GetReviewCount` */;
/*!50003 SET @saved_cs_client      = @@character_set_client */ ;
/*!50003 SET @saved_cs_results     = @@character_set_results */ ;
/*!50003 SET @saved_col_connection = @@collation_connection */ ;
/*!50003 SET character_set_client  = utf8mb4 */ ;
/*!50003 SET character_set_results = utf8mb4 */ ;
/*!50003 SET collation_connection  = utf8mb4_0900_ai_ci */ ;
/*!50003 SET @saved_sql_mode       = @@sql_mode */ ;
/*!50003 SET sql_mode              = 'ONLY_FULL_GROUP_BY,STRICT_TRANS_TABLES,NO_ZERO_IN_DATE,NO_ZERO_DATE,ERROR_FOR_DIVISION_BY_ZERO,NO_ENGINE_SUBSTITUTION' */ ;
DELIMITER ;;
CREATE DEFINER=`root`@`localhost` FUNCTION `GetReviewCount`(book_id INT) RETURNS int
    DETERMINISTIC
BEGIN
    DECLARE review_count INT;
    
    SELECT COUNT(*) 
    INTO review_count
    FROM reviews
    WHERE reviews.book_id = book_id;

    RETURN review_count;
END ;;
DELIMITER ;
/*!50003 SET sql_mode              = @saved_sql_mode */ ;
/*!50003 SET character_set_client  = @saved_cs_client */ ;
/*!50003 SET character_set_results = @saved_cs_results */ ;
/*!50003 SET collation_connection  = @saved_col_connection */ ;
/*!50003 DROP FUNCTION IF EXISTS `GetUserTopGenre` */;
/*!50003 SET @saved_cs_client      = @@character_set_client */ ;
/*!50003 SET @saved_cs_results     = @@character_set_results */ ;
/*!50003 SET @saved_col_connection = @@collation_connection */ ;
/*!50003 SET character_set_client  = utf8mb4 */ ;
/*!50003 SET character_set_results = utf8mb4 */ ;
/*!50003 SET collation_connection  = utf8mb4_0900_ai_ci */ ;
/*!50003 SET @saved_sql_mode       = @@sql_mode */ ;
/*!50003 SET sql_mode              = 'ONLY_FULL_GROUP_BY,STRICT_TRANS_TABLES,NO_ZERO_IN_DATE,NO_ZERO_DATE,ERROR_FOR_DIVISION_BY_ZERO,NO_ENGINE_SUBSTITUTION' */ ;
DELIMITER ;;
CREATE DEFINER=`root`@`localhost` FUNCTION `GetUserTopGenre`(user_id INT) RETURNS varchar(50) CHARSET utf8mb4
    DETERMINISTIC
BEGIN
    DECLARE top_genre VARCHAR(50);

    SELECT g.genre_name 
    INTO top_genre
    FROM genres g
    JOIN books b ON g.genre_id = b.genre_id
    JOIN reviews r ON b.book_id = r.book_id
    WHERE r.user_id = user_id
    GROUP BY g.genre_name
    ORDER BY COUNT(*) DESC
    LIMIT 1;

    RETURN IFNULL(top_genre, 'No reviews yet');
END ;;
DELIMITER ;
/*!50003 SET sql_mode              = @saved_sql_mode */ ;
/*!50003 SET character_set_client  = @saved_cs_client */ ;
/*!50003 SET character_set_results = @saved_cs_results */ ;
/*!50003 SET collation_connection  = @saved_col_connection */ ;
/*!50003 DROP PROCEDURE IF EXISTS `AddBookWithGenre` */;
/*!50003 SET @saved_cs_client      = @@character_set_client */ ;
/*!50003 SET @saved_cs_results     = @@character_set_results */ ;
/*!50003 SET @saved_col_connection = @@collation_connection */ ;
/*!50003 SET character_set_client  = utf8mb4 */ ;
/*!50003 SET character_set_results = utf8mb4 */ ;
/*!50003 SET collation_connection  = utf8mb4_0900_ai_ci */ ;
/*!50003 SET @saved_sql_mode       = @@sql_mode */ ;
/*!50003 SET sql_mode              = 'ONLY_FULL_GROUP_BY,STRICT_TRANS_TABLES,NO_ZERO_IN_DATE,NO_ZERO_DATE,ERROR_FOR_DIVISION_BY_ZERO,NO_ENGINE_SUBSTITUTION' */ ;
DELIMITER ;;
CREATE DEFINER=`root`@`localhost` PROCEDURE `AddBookWithGenre`(
    IN bookTitle VARCHAR(255),
    IN pubDate DATE,
    IN isbn VARCHAR(20),
    IN genreId INT
)
BEGIN
    DECLARE newBookId INT;

    INSERT INTO books (book_title, published_date, book_isbn)
    VALUES (bookTitle, pubDate, isbn);

    SET newBookId = LAST_INSERT_ID();

    INSERT INTO book_genre_assignment (book_id, genre_id)
    VALUES (newBookId, genreId);
END ;;
DELIMITER ;
/*!50003 SET sql_mode              = @saved_sql_mode */ ;
/*!50003 SET character_set_client  = @saved_cs_client */ ;
/*!50003 SET character_set_results = @saved_cs_results */ ;
/*!50003 SET collation_connection  = @saved_col_connection */ ;
/*!50003 DROP PROCEDURE IF EXISTS `GetAuthorReviewCounts` */;
/*!50003 SET @saved_cs_client      = @@character_set_client */ ;
/*!50003 SET @saved_cs_results     = @@character_set_results */ ;
/*!50003 SET @saved_col_connection = @@collation_connection */ ;
/*!50003 SET character_set_client  = utf8mb4 */ ;
/*!50003 SET character_set_results = utf8mb4 */ ;
/*!50003 SET collation_connection  = utf8mb4_0900_ai_ci */ ;
/*!50003 SET @saved_sql_mode       = @@sql_mode */ ;
/*!50003 SET sql_mode              = 'ONLY_FULL_GROUP_BY,STRICT_TRANS_TABLES,NO_ZERO_IN_DATE,NO_ZERO_DATE,ERROR_FOR_DIVISION_BY_ZERO,NO_ENGINE_SUBSTITUTION' */ ;
DELIMITER ;;
CREATE DEFINER=`root`@`localhost` PROCEDURE `GetAuthorReviewCounts`()
BEGIN
    DECLARE done INT DEFAULT 0;
    DECLARE author_id_var INT;
    DECLARE author_name_var VARCHAR(255);
    DECLARE review_count_var INT;

    DECLARE cur CURSOR FOR
    SELECT a.author_id, a.author_name, COUNT(r.review_id) AS review_count
    FROM authors a
    JOIN book_authorships ba ON a.author_id = ba.author_id
    JOIN books b ON ba.book_id = b.book_id
    LEFT JOIN reviews r ON b.book_id = r.book_id
    GROUP BY a.author_id;

    DECLARE CONTINUE HANDLER FOR NOT FOUND SET done = 1;

    CREATE TEMPORARY TABLE IF NOT EXISTS AuthorReviewCounts (
        author_id INT,
        author_name VARCHAR(255),
        review_count INT
    );

    OPEN cur;

    read_loop: LOOP
        FETCH cur INTO author_id_var, author_name_var, review_count_var;
        IF done THEN
            LEAVE read_loop;
        END IF;

        INSERT INTO AuthorReviewCounts (author_id, author_name, review_count)
        VALUES (author_id_var, author_name_var, review_count_var);
    END LOOP;

    CLOSE cur;

    SELECT * FROM AuthorReviewCounts;

END ;;
DELIMITER ;
/*!50003 SET sql_mode              = @saved_sql_mode */ ;
/*!50003 SET character_set_client  = @saved_cs_client */ ;
/*!50003 SET character_set_results = @saved_cs_results */ ;
/*!50003 SET collation_connection  = @saved_col_connection */ ;
/*!50003 DROP PROCEDURE IF EXISTS `GetBookReviewSummary` */;
/*!50003 SET @saved_cs_client      = @@character_set_client */ ;
/*!50003 SET @saved_cs_results     = @@character_set_results */ ;
/*!50003 SET @saved_col_connection = @@collation_connection */ ;
/*!50003 SET character_set_client  = utf8mb4 */ ;
/*!50003 SET character_set_results = utf8mb4 */ ;
/*!50003 SET collation_connection  = utf8mb4_0900_ai_ci */ ;
/*!50003 SET @saved_sql_mode       = @@sql_mode */ ;
/*!50003 SET sql_mode              = 'ONLY_FULL_GROUP_BY,STRICT_TRANS_TABLES,NO_ZERO_IN_DATE,NO_ZERO_DATE,ERROR_FOR_DIVISION_BY_ZERO,NO_ENGINE_SUBSTITUTION' */ ;
DELIMITER ;;
CREATE DEFINER=`root`@`localhost` PROCEDURE `GetBookReviewSummary`(
    IN book_id INT, 
    OUT summary VARCHAR(1000)  -- Use VARCHAR instead of TEXT
)
BEGIN
    -- Declare variables
    DECLARE avg_rating DECIMAL(3,2);
    DECLARE review_count INT;
    DECLARE latest_review VARCHAR(500);  -- Use VARCHAR instead of TEXT
    
    -- Assign values using functions
    SET avg_rating = GetAverageRating(book_id);
    SET review_count = GetReviewCount(book_id);
    
    -- Call stored procedure to get latest review
    CALL GetLatestReview(book_id, latest_review);

    -- Build the summary string
    SET summary = CONCAT(
        'Average Rating: ', IFNULL(avg_rating, 'N/A'), ', ',
        'Total Reviews: ', IFNULL(review_count, 0), ', ',
        'Latest Review: "', IFNULL(latest_review, 'No reviews yet'), '"'
    );
END ;;
DELIMITER ;
/*!50003 SET sql_mode              = @saved_sql_mode */ ;
/*!50003 SET character_set_client  = @saved_cs_client */ ;
/*!50003 SET character_set_results = @saved_cs_results */ ;
/*!50003 SET collation_connection  = @saved_col_connection */ ;
/*!50003 DROP PROCEDURE IF EXISTS `GetBooksByGenre` */;
/*!50003 SET @saved_cs_client      = @@character_set_client */ ;
/*!50003 SET @saved_cs_results     = @@character_set_results */ ;
/*!50003 SET @saved_col_connection = @@collation_connection */ ;
/*!50003 SET character_set_client  = utf8mb4 */ ;
/*!50003 SET character_set_results = utf8mb4 */ ;
/*!50003 SET collation_connection  = utf8mb4_0900_ai_ci */ ;
/*!50003 SET @saved_sql_mode       = @@sql_mode */ ;
/*!50003 SET sql_mode              = 'ONLY_FULL_GROUP_BY,STRICT_TRANS_TABLES,NO_ZERO_IN_DATE,NO_ZERO_DATE,ERROR_FOR_DIVISION_BY_ZERO,NO_ENGINE_SUBSTITUTION' */ ;
DELIMITER ;;
CREATE DEFINER=`root`@`localhost` PROCEDURE `GetBooksByGenre`(IN genre_id INT, IN limit_count INT)
BEGIN
    SELECT b.book_id, b.book_title
    FROM books b
    JOIN book_genre_assignment bg ON b.book_id = bg.book_id
    WHERE bg.genre_id = genre_id
    ORDER BY RAND()
    LIMIT limit_count;
END ;;
DELIMITER ;
/*!50003 SET sql_mode              = @saved_sql_mode */ ;
/*!50003 SET character_set_client  = @saved_cs_client */ ;
/*!50003 SET character_set_results = @saved_cs_results */ ;
/*!50003 SET collation_connection  = @saved_col_connection */ ;
/*!50003 DROP PROCEDURE IF EXISTS `GetBooksWithFewestReviewsByGenre` */;
/*!50003 SET @saved_cs_client      = @@character_set_client */ ;
/*!50003 SET @saved_cs_results     = @@character_set_results */ ;
/*!50003 SET @saved_col_connection = @@collation_connection */ ;
/*!50003 SET character_set_client  = utf8mb4 */ ;
/*!50003 SET character_set_results = utf8mb4 */ ;
/*!50003 SET collation_connection  = utf8mb4_0900_ai_ci */ ;
/*!50003 SET @saved_sql_mode       = @@sql_mode */ ;
/*!50003 SET sql_mode              = 'ONLY_FULL_GROUP_BY,STRICT_TRANS_TABLES,NO_ZERO_IN_DATE,NO_ZERO_DATE,ERROR_FOR_DIVISION_BY_ZERO,NO_ENGINE_SUBSTITUTION' */ ;
DELIMITER ;;
CREATE DEFINER=`root`@`localhost` PROCEDURE `GetBooksWithFewestReviewsByGenre`(IN genre_name VARCHAR(255), IN limit_count INT)
BEGIN
    DECLARE done INT DEFAULT 0;
    DECLARE book_id_var INT;
    DECLARE book_title_var VARCHAR(255);
    DECLARE review_count_var INT;

    -- Declare cursor
    DECLARE cur CURSOR FOR
    SELECT b.book_id, b.book_title, COUNT(r.review_id) AS review_count
    FROM books b
    JOIN book_genre_assignment bg ON b.book_id = bg.book_id
    JOIN genres g ON bg.genre_id = g.genre_id
    LEFT JOIN reviews r ON b.book_id = r.book_id
    WHERE g.genre_name = genre_name
    GROUP BY b.book_id
    ORDER BY review_count ASC
    LIMIT limit_count;

    -- Continue handler for cursor end
    DECLARE CONTINUE HANDLER FOR NOT FOUND SET done = 1;

    -- Create temporary table to store results
    CREATE TEMPORARY TABLE IF NOT EXISTS Temp_FewestReviews (
        book_id INT,
        book_title VARCHAR(255),
        review_count INT
    );

    -- Open cursor
    OPEN cur;

    read_loop: LOOP
        FETCH cur INTO book_id_var, book_title_var, review_count_var;
        IF done THEN
            LEAVE read_loop;
        END IF;

        INSERT INTO Temp_FewestReviews VALUES (book_id_var, book_title_var, review_count_var);
    END LOOP;

    CLOSE cur;

    -- Return results
    SELECT * FROM Temp_FewestReviews;

END ;;
DELIMITER ;
/*!50003 SET sql_mode              = @saved_sql_mode */ ;
/*!50003 SET character_set_client  = @saved_cs_client */ ;
/*!50003 SET character_set_results = @saved_cs_results */ ;
/*!50003 SET collation_connection  = @saved_col_connection */ ;
/*!50003 DROP PROCEDURE IF EXISTS `GetLatestReview` */;
/*!50003 SET @saved_cs_client      = @@character_set_client */ ;
/*!50003 SET @saved_cs_results     = @@character_set_results */ ;
/*!50003 SET @saved_col_connection = @@collation_connection */ ;
/*!50003 SET character_set_client  = utf8mb4 */ ;
/*!50003 SET character_set_results = utf8mb4 */ ;
/*!50003 SET collation_connection  = utf8mb4_0900_ai_ci */ ;
/*!50003 SET @saved_sql_mode       = @@sql_mode */ ;
/*!50003 SET sql_mode              = 'ONLY_FULL_GROUP_BY,STRICT_TRANS_TABLES,NO_ZERO_IN_DATE,NO_ZERO_DATE,ERROR_FOR_DIVISION_BY_ZERO,NO_ENGINE_SUBSTITUTION' */ ;
DELIMITER ;;
CREATE DEFINER=`root`@`localhost` PROCEDURE `GetLatestReview`(IN book_id INT, OUT latest_review TEXT)
BEGIN
    SELECT review_comment
    INTO latest_review
    FROM reviews
    WHERE reviews.book_id = book_id
    ORDER BY created_at DESC
    LIMIT 1;

    IF latest_review IS NULL THEN
        SET latest_review = 'No reviews yet';
    END IF;
END ;;
DELIMITER ;
/*!50003 SET sql_mode              = @saved_sql_mode */ ;
/*!50003 SET character_set_client  = @saved_cs_client */ ;
/*!50003 SET character_set_results = @saved_cs_results */ ;
/*!50003 SET collation_connection  = @saved_col_connection */ ;
/*!50003 DROP PROCEDURE IF EXISTS `GetRecommendedBooks` */;
/*!50003 SET @saved_cs_client      = @@character_set_client */ ;
/*!50003 SET @saved_cs_results     = @@character_set_results */ ;
/*!50003 SET @saved_col_connection = @@collation_connection */ ;
/*!50003 SET character_set_client  = utf8mb4 */ ;
/*!50003 SET character_set_results = utf8mb4 */ ;
/*!50003 SET collation_connection  = utf8mb4_0900_ai_ci */ ;
/*!50003 SET @saved_sql_mode       = @@sql_mode */ ;
/*!50003 SET sql_mode              = 'ONLY_FULL_GROUP_BY,STRICT_TRANS_TABLES,NO_ZERO_IN_DATE,NO_ZERO_DATE,ERROR_FOR_DIVISION_BY_ZERO,NO_ENGINE_SUBSTITUTION' */ ;
DELIMITER ;;
CREATE DEFINER=`root`@`localhost` PROCEDURE `GetRecommendedBooks`(IN user_id INT, OUT recommended_books TEXT)
BEGIN
    DECLARE top_genre INT;
    DECLARE book_count INT;

    -- Initialize output
    SET recommended_books = '';

    -- Get the user's top genre
    SET top_genre = (SELECT GetUserTopGenre(user_id));

    -- If user has no top genre, return a message
    IF top_genre IS NULL OR top_genre = 0 THEN
        SET recommended_books = 'No recommendations available. Try reviewing some books first!';
    ELSE
        -- Ensure the temp table does not exist before creating
        DROP TEMPORARY TABLE IF EXISTS Temp_RecommendedBooks;
        CREATE TEMPORARY TABLE Temp_RecommendedBooks (book_title VARCHAR(255));

        -- Call another procedure to populate the table
        CALL GetBooksByGenre(top_genre, 5);

        -- Count how many books were retrieved
        SELECT COUNT(*) INTO book_count FROM Temp_RecommendedBooks;

        -- If no books found, return a message
        IF book_count = 0 THEN
            SET recommended_books = 'No books found for this genre.';
        ELSE
            -- Use GROUP_CONCAT to efficiently concatenate book titles
            SELECT GROUP_CONCAT(book_title SEPARATOR ', ') INTO recommended_books FROM Temp_RecommendedBooks;
        END IF;

        -- Cleanup
        DROP TEMPORARY TABLE IF EXISTS Temp_RecommendedBooks;
    END IF;
END ;;
DELIMITER ;
/*!50003 SET sql_mode              = @saved_sql_mode */ ;
/*!50003 SET character_set_client  = @saved_cs_client */ ;
/*!50003 SET character_set_results = @saved_cs_results */ ;
/*!50003 SET collation_connection  = @saved_col_connection */ ;
/*!50003 DROP PROCEDURE IF EXISTS `GetReviewsByDateRange` */;
/*!50003 SET @saved_cs_client      = @@character_set_client */ ;
/*!50003 SET @saved_cs_results     = @@character_set_results */ ;
/*!50003 SET @saved_col_connection = @@collation_connection */ ;
/*!50003 SET character_set_client  = utf8mb4 */ ;
/*!50003 SET character_set_results = utf8mb4 */ ;
/*!50003 SET collation_connection  = utf8mb4_0900_ai_ci */ ;
/*!50003 SET @saved_sql_mode       = @@sql_mode */ ;
/*!50003 SET sql_mode              = 'ONLY_FULL_GROUP_BY,STRICT_TRANS_TABLES,NO_ZERO_IN_DATE,NO_ZERO_DATE,ERROR_FOR_DIVISION_BY_ZERO,NO_ENGINE_SUBSTITUTION' */ ;
DELIMITER ;;
CREATE DEFINER=`root`@`localhost` PROCEDURE `GetReviewsByDateRange`(IN start_date DATE, IN end_date DATE)
BEGIN
    -- Retrieve all reviews within the given date range, considering only the date part
    SELECT 
        r.review_id, 
        r.book_id, 
        b.book_title, 
        r.user_id, 
        u.username, 
        r.rating, 
        r.review_comment, 
        r.created_at
    FROM reviews r
    JOIN books b ON r.book_id = b.book_id
    JOIN users u ON r.user_id = u.user_id
    WHERE DATE(r.created_at) BETWEEN start_date AND end_date
    ORDER BY r.created_at DESC;
END ;;
DELIMITER ;
/*!50003 SET sql_mode              = @saved_sql_mode */ ;
/*!50003 SET character_set_client  = @saved_cs_client */ ;
/*!50003 SET character_set_results = @saved_cs_results */ ;
/*!50003 SET collation_connection  = @saved_col_connection */ ;
/*!50003 DROP PROCEDURE IF EXISTS `GetTopRatedBooks` */;
/*!50003 SET @saved_cs_client      = @@character_set_client */ ;
/*!50003 SET @saved_cs_results     = @@character_set_results */ ;
/*!50003 SET @saved_col_connection = @@collation_connection */ ;
/*!50003 SET character_set_client  = utf8mb4 */ ;
/*!50003 SET character_set_results = utf8mb4 */ ;
/*!50003 SET collation_connection  = utf8mb4_0900_ai_ci */ ;
/*!50003 SET @saved_sql_mode       = @@sql_mode */ ;
/*!50003 SET sql_mode              = 'ONLY_FULL_GROUP_BY,STRICT_TRANS_TABLES,NO_ZERO_IN_DATE,NO_ZERO_DATE,ERROR_FOR_DIVISION_BY_ZERO,NO_ENGINE_SUBSTITUTION' */ ;
DELIMITER ;;
CREATE DEFINER=`root`@`localhost` PROCEDURE `GetTopRatedBooks`(IN minRating DECIMAL(3,2))
BEGIN
    SELECT 
        b.book_id, 
        b.book_title, 
        ROUND(AVG(r.rating), 2) AS avg_rating
    FROM books b
    JOIN reviews r ON b.book_id = r.book_id
    GROUP BY b.book_id
    HAVING avg_rating >= minRating
    ORDER BY avg_rating DESC;
END ;;
DELIMITER ;
/*!50003 SET sql_mode              = @saved_sql_mode */ ;
/*!50003 SET character_set_client  = @saved_cs_client */ ;
/*!50003 SET character_set_results = @saved_cs_results */ ;
/*!50003 SET collation_connection  = @saved_col_connection */ ;

--
-- Final view structure for view `bookpopularityview`
--

/*!50001 DROP VIEW IF EXISTS `bookpopularityview`*/;
/*!50001 SET @saved_cs_client          = @@character_set_client */;
/*!50001 SET @saved_cs_results         = @@character_set_results */;
/*!50001 SET @saved_col_connection     = @@collation_connection */;
/*!50001 SET character_set_client      = utf8mb4 */;
/*!50001 SET character_set_results     = utf8mb4 */;
/*!50001 SET collation_connection      = utf8mb4_0900_ai_ci */;
/*!50001 CREATE ALGORITHM=UNDEFINED */
/*!50013 DEFINER=`root`@`localhost` SQL SECURITY DEFINER */
/*!50001 VIEW `bookpopularityview` AS select `ranked_books`.`row_num` AS `ranking`,`ranked_books`.`book_info` AS `book_info`,`ranked_books`.`popularity_score` AS `popularity_score` from (select row_number() OVER (ORDER BY `b`.`popularity_score` desc )  AS `row_num`,concat(`b`.`book_title`,' by ',group_concat(`a`.`author_name` separator ', ')) AS `book_info`,`b`.`popularity_score` AS `popularity_score` from ((`books` `b` join `book_authorships` `ba` on((`b`.`book_id` = `ba`.`book_id`))) join `authors` `a` on((`ba`.`author_id` = `a`.`author_id`))) group by `b`.`book_id`) `ranked_books` limit 10 */;
/*!50001 SET character_set_client      = @saved_cs_client */;
/*!50001 SET character_set_results     = @saved_cs_results */;
/*!50001 SET collation_connection      = @saved_col_connection */;

--
-- Final view structure for view `bookreviewsummaryview`
--

/*!50001 DROP VIEW IF EXISTS `bookreviewsummaryview`*/;
/*!50001 SET @saved_cs_client          = @@character_set_client */;
/*!50001 SET @saved_cs_results         = @@character_set_results */;
/*!50001 SET @saved_col_connection     = @@collation_connection */;
/*!50001 SET character_set_client      = utf8mb4 */;
/*!50001 SET character_set_results     = utf8mb4 */;
/*!50001 SET collation_connection      = utf8mb4_0900_ai_ci */;
/*!50001 CREATE ALGORITHM=UNDEFINED */
/*!50013 DEFINER=`root`@`localhost` SQL SECURITY DEFINER */
/*!50001 VIEW `bookreviewsummaryview` AS select `b`.`book_id` AS `book_id`,`b`.`book_title` AS `book_title`,group_concat(`a`.`author_name` separator ', ') AS `authors`,`GetAverageRating`(`b`.`book_id`) AS `average_rating`,`GetReviewCount`(`b`.`book_id`) AS `total_reviews` from ((`books` `b` join `book_authorships` `ba` on((`b`.`book_id` = `ba`.`book_id`))) join `authors` `a` on((`ba`.`author_id` = `a`.`author_id`))) group by `b`.`book_id`,`b`.`book_title` */;
/*!50001 SET character_set_client      = @saved_cs_client */;
/*!50001 SET character_set_results     = @saved_cs_results */;
/*!50001 SET collation_connection      = @saved_col_connection */;

--
-- Final view structure for view `view_book_reviews`
--

/*!50001 DROP VIEW IF EXISTS `view_book_reviews`*/;
/*!50001 SET @saved_cs_client          = @@character_set_client */;
/*!50001 SET @saved_cs_results         = @@character_set_results */;
/*!50001 SET @saved_col_connection     = @@collation_connection */;
/*!50001 SET character_set_client      = utf8mb4 */;
/*!50001 SET character_set_results     = utf8mb4 */;
/*!50001 SET collation_connection      = utf8mb4_0900_ai_ci */;
/*!50001 CREATE ALGORITHM=UNDEFINED */
/*!50013 DEFINER=`root`@`localhost` SQL SECURITY DEFINER */
/*!50001 VIEW `view_book_reviews` AS select `r`.`review_id` AS `review_id`,`r`.`user_id` AS `user_id`,`u`.`username` AS `username`,`r`.`book_id` AS `book_id`,`b`.`book_title` AS `book_title`,`r`.`review_comment` AS `review_comment`,`r`.`rating` AS `rating`,`r`.`created_at` AS `created_at` from ((`reviews` `r` join `books` `b` on((`r`.`book_id` = `b`.`book_id`))) join `users` `u` on((`r`.`user_id` = `u`.`user_id`))) */;
/*!50001 SET character_set_client      = @saved_cs_client */;
/*!50001 SET character_set_results     = @saved_cs_results */;
/*!50001 SET collation_connection      = @saved_col_connection */;

--
-- Final view structure for view `view_books_authors-na`
--

/*!50001 DROP VIEW IF EXISTS `view_books_authors-na`*/;
/*!50001 SET @saved_cs_client          = @@character_set_client */;
/*!50001 SET @saved_cs_results         = @@character_set_results */;
/*!50001 SET @saved_col_connection     = @@collation_connection */;
/*!50001 SET character_set_client      = utf8mb4 */;
/*!50001 SET character_set_results     = utf8mb4 */;
/*!50001 SET collation_connection      = utf8mb4_0900_ai_ci */;
/*!50001 CREATE ALGORITHM=UNDEFINED */
/*!50013 DEFINER=`root`@`localhost` SQL SECURITY DEFINER */
/*!50001 VIEW `view_books_authors-na` AS select `b`.`book_id` AS `book_id`,`b`.`book_title` AS `book_title`,`b`.`published_date` AS `published_date`,group_concat(`a`.`author_name` order by `a`.`author_name` ASC separator ', ') AS `authors` from ((`books` `b` join `book_authorships` `ba` on((`b`.`book_id` = `ba`.`book_id`))) join `authors` `a` on((`ba`.`author_id` = `a`.`author_id`))) group by `b`.`book_id` */;
/*!50001 SET character_set_client      = @saved_cs_client */;
/*!50001 SET character_set_results     = @saved_cs_results */;
/*!50001 SET collation_connection      = @saved_col_connection */;

--
-- Final view structure for view `view_books_genres-na`
--

/*!50001 DROP VIEW IF EXISTS `view_books_genres-na`*/;
/*!50001 SET @saved_cs_client          = @@character_set_client */;
/*!50001 SET @saved_cs_results         = @@character_set_results */;
/*!50001 SET @saved_col_connection     = @@collation_connection */;
/*!50001 SET character_set_client      = utf8mb4 */;
/*!50001 SET character_set_results     = utf8mb4 */;
/*!50001 SET collation_connection      = utf8mb4_0900_ai_ci */;
/*!50001 CREATE ALGORITHM=UNDEFINED */
/*!50013 DEFINER=`root`@`localhost` SQL SECURITY DEFINER */
/*!50001 VIEW `view_books_genres-na` AS select `b`.`book_id` AS `book_id`,`b`.`book_title` AS `book_title`,group_concat(`g`.`genre_name` order by `g`.`genre_name` ASC separator ', ') AS `genres` from ((`books` `b` join `book_genre_assignment` `bg` on((`b`.`book_id` = `bg`.`book_id`))) join `genres` `g` on((`bg`.`genre_id` = `g`.`genre_id`))) group by `b`.`book_id` */;
/*!50001 SET character_set_client      = @saved_cs_client */;
/*!50001 SET character_set_results     = @saved_cs_results */;
/*!50001 SET collation_connection      = @saved_col_connection */;

--
-- Final view structure for view `view_most_reviewed_books-na`
--

/*!50001 DROP VIEW IF EXISTS `view_most_reviewed_books-na`*/;
/*!50001 SET @saved_cs_client          = @@character_set_client */;
/*!50001 SET @saved_cs_results         = @@character_set_results */;
/*!50001 SET @saved_col_connection     = @@collation_connection */;
/*!50001 SET character_set_client      = utf8mb4 */;
/*!50001 SET character_set_results     = utf8mb4 */;
/*!50001 SET collation_connection      = utf8mb4_0900_ai_ci */;
/*!50001 CREATE ALGORITHM=UNDEFINED */
/*!50013 DEFINER=`root`@`localhost` SQL SECURITY DEFINER */
/*!50001 VIEW `view_most_reviewed_books-na` AS select `b`.`book_id` AS `book_id`,`b`.`book_title` AS `book_title`,count(`r`.`review_id`) AS `review_count` from (`books` `b` join `reviews` `r` on((`b`.`book_id` = `r`.`book_id`))) group by `b`.`book_id` order by `review_count` desc,`b`.`book_title` */;
/*!50001 SET character_set_client      = @saved_cs_client */;
/*!50001 SET character_set_results     = @saved_cs_results */;
/*!50001 SET collation_connection      = @saved_col_connection */;

--
-- Final view structure for view `view_updatable_author_books`
--

/*!50001 DROP VIEW IF EXISTS `view_updatable_author_books`*/;
/*!50001 SET @saved_cs_client          = @@character_set_client */;
/*!50001 SET @saved_cs_results         = @@character_set_results */;
/*!50001 SET @saved_col_connection     = @@collation_connection */;
/*!50001 SET character_set_client      = utf8mb4 */;
/*!50001 SET character_set_results     = utf8mb4 */;
/*!50001 SET collation_connection      = utf8mb4_0900_ai_ci */;
/*!50001 CREATE ALGORITHM=UNDEFINED */
/*!50013 DEFINER=`root`@`localhost` SQL SECURITY DEFINER */
/*!50001 VIEW `view_updatable_author_books` AS select `b`.`book_id` AS `book_id`,`b`.`book_title` AS `book_title`,`a`.`author_id` AS `author_id`,`a`.`author_name` AS `author_name` from ((`books` `b` join `book_authorships` `ba` on((`b`.`book_id` = `ba`.`book_id`))) join `authors` `a` on((`ba`.`author_id` = `a`.`author_id`))) */;
/*!50001 SET character_set_client      = @saved_cs_client */;
/*!50001 SET character_set_results     = @saved_cs_results */;
/*!50001 SET collation_connection      = @saved_col_connection */;
/*!40103 SET TIME_ZONE=@OLD_TIME_ZONE */;

/*!40101 SET SQL_MODE=@OLD_SQL_MODE */;
/*!40014 SET FOREIGN_KEY_CHECKS=@OLD_FOREIGN_KEY_CHECKS */;
/*!40014 SET UNIQUE_CHECKS=@OLD_UNIQUE_CHECKS */;
/*!40101 SET CHARACTER_SET_CLIENT=@OLD_CHARACTER_SET_CLIENT */;
/*!40101 SET CHARACTER_SET_RESULTS=@OLD_CHARACTER_SET_RESULTS */;
/*!40101 SET COLLATION_CONNECTION=@OLD_COLLATION_CONNECTION */;
/*!40111 SET SQL_NOTES=@OLD_SQL_NOTES */;

-- Dump completed on 2025-05-09 23:01:28
